tpepPickupDateTime,puLocationId,count
23,230,16082
23,79,15937
23,48,14733
23,142,14200
23,161,13589
23,132,12189
23,234,12168
23,138,12128
23,249,10728
23,164,9943
23,148,9683
23,163,9629
23,107,9545
23,162,9477
23,68,8923
23,170,8770
23,237,8285
23,114,8211
23,186,7862
23,231,7420
23,100,6141
23,90,6135
23,239,5614
23,113,5469
23,229,5444
23,144,5334
23,141,5026
23,158,4725
23,263,4341
23,236,4215
23,246,4200
23,137,4048
23,211,3724
23,238,3421
23,50,3284
23,233,3038
23,43,2933
23,87,2717
23,140,2702
23,125,2501
23,143,1920
23,13,1785
23,261,1655
23,41,1538
23,88,1512
23,75,1474
23,151,1445
23,166,1402
23,262,1213
23,255,1172
23,74,1123
23,4,1104
23,97,999
23,232,997
23,209,868
23,45,841
23,181,834
23,256,780
23,42,745
23,24,666
23,25,659
23,65,591
23,116,560
23,145,531
23,7,507
23,224,496
23,112,468
23,244,442
23,152,422
23,80,399
23,33,391
23,226,365
23,146,348
23,189,241
23,66,237
23,49,220
23,40,189
23,17,161
23,243,147
23,223,131
23,52,125
23,179,125
23,129,116
23,37,114
23,61,111
23,260,111
23,12,108
23,193,105
23,106,98
23,127,92
23,82,73
23,168,71
23,10,69
23,188,64
23,247,62
23,217,60
23,36,55
23,228,55
23,225,49
23,93,43
23,62,39
23,83,34
23,89,32
23,95,32
23,190,30
23,196,29
23,54,28
23,70,27
23,130,27
23,56,24
23,14,24
23,28,24
23,69,23
23,202,21
23,219,21
23,257,20
23,215,19
23,198,19
23,157,18
23,76,18
23,134,18
23,195,17
23,91,15
23,216,14
23,169,14
23,197,14
23,119,14
23,159,13
23,177,13
23,26,11
23,67,11
23,34,11
23,71,10
23,85,9
23,194,9
23,92,9
23,135,8
23,153,8
23,22,8
23,235,8
23,167,7
23,173,7
23,63,7
23,120,7
23,35,7
23,258,6
23,124,6
23,165,6
23,133,6
23,242,6
23,72,6
23,150,6
23,220,6
23,227,5
23,147,5
23,174,5
23,60,5
23,218,4
23,21,4
23,208,4
23,250,4
23,178,4
23,20,4
23,191,4
23,136,4
23,128,4
23,51,4
23,29,3
23,81,3
23,15,3
23,205,3
23,126,3
23,111,3
23,18,3
23,121,3
23,185,3
23,192,3
23,182,3
23,39,3
23,53,3
23,183,3
23,254,3
23,171,3
23,210,3
23,47,3
23,102,3
23,213,3
23,248,2
23,32,2
23,212,2
23,98,2
23,180,2
23,207,2
23,241,2
23,78,2
23,77,2
23,253,2
23,123,2
23,160,2
23,8,2
23,187,2
23,1,2
23,149,2
23,154,1
23,55,1
23,101,1
23,86,1
23,57,1
23,16,1
23,94,1
23,117,1
23,155,1
23,259,1
23,131,1
23,108,1
23,73,1
23,31,1
23,3,1
23,156,1
23,64,1
23,245,1
23,203,1
23,9,1
23,175,1
23,139,1
23,200,1
22,142,19475
22,48,19185
22,230,16999
22,79,16823
22,161,16238
22,162,14537
22,237,14285
22,234,13864
22,138,12732
22,163,12264
22,186,11524
22,170,11368
22,249,11330
22,107,10828
22,68,10753
22,164,10448
22,132,9877
22,231,9220
22,239,9008
22,148,8460
22,114,8186
22,229,7732
22,236,7515
22,90,7289
22,141,7130
22,100,6733
22,113,6555
22,263,6228
22,144,6109
22,246,5149
22,238,4967
22,43,4704
22,158,4377
22,137,4343
22,50,4295
22,211,4196
22,233,4181
22,87,3676
22,140,3667
22,143,3074
22,13,3074
22,125,2636
22,261,2209
22,151,2059
22,166,1885
22,75,1837
22,88,1776
22,262,1768
22,41,1740
22,74,1301
22,209,1100
22,4,1057
22,45,1044
22,232,944
22,181,860
22,24,846
22,255,812
22,97,787
22,42,698
22,25,694
22,256,640
22,224,638
22,33,633
22,65,620
22,145,576
22,116,574
22,244,508
22,7,464
22,152,449
22,226,389
22,66,379
22,146,350
22,112,344
22,80,316
22,40,241
22,52,234
22,49,220
22,189,204
22,17,160
22,223,153
22,243,152
22,179,134
22,129,118
22,106,117
22,12,112
22,193,111
22,61,97
22,260,84
22,127,82
22,37,78
22,247,75
22,188,64
22,10,59
22,217,58
22,82,55
22,168,52
22,93,43
22,36,41
22,89,39
22,225,39
22,228,35
22,95,35
22,54,32
22,190,31
22,216,30
22,195,26
22,83,24
22,14,23
22,35,22
22,196,21
22,130,21
22,69,19
22,159,19
22,202,18
22,194,17
22,215,16
22,76,16
22,62,16
22,157,16
22,85,16
22,219,15
22,56,15
22,257,15
22,134,15
22,18,14
22,71,14
22,173,13
22,70,13
22,72,12
22,28,12
22,34,12
22,119,12
22,197,11
22,191,11
22,133,11
22,39,11
22,177,10
22,198,9
22,91,9
22,67,9
22,53,8
22,102,8
22,92,8
22,207,7
22,254,7
22,220,7
22,78,7
22,241,6
22,22,6
22,147,6
22,32,6
22,212,6
22,121,5
22,29,5
22,169,5
22,218,5
22,136,5
22,21,5
22,200,5
22,149,5
22,174,5
22,250,5
22,20,5
22,1,5
22,242,4
22,126,4
22,160,4
22,180,4
22,178,4
22,81,4
22,235,4
22,167,4
22,165,4
22,38,4
22,227,4
22,120,4
22,51,4
22,192,4
22,57,4
22,150,4
22,124,3
22,19,3
22,101,3
22,26,3
22,123,3
22,131,3
22,205,3
22,135,3
22,3,3
22,9,2
22,139,2
22,171,2
22,259,2
22,63,2
22,105,2
22,182,2
22,253,2
22,183,2
22,156,2
22,60,2
22,185,2
22,47,2
22,77,2
22,94,2
22,240,2
22,248,1
22,98,1
22,222,1
22,199,1
22,184,1
22,15,1
22,210,1
22,58,1
22,44,1
22,258,1
22,208,1
22,16,1
22,86,1
22,96,1
22,252,1
22,64,1
22,213,1
22,108,1
22,155,1
22,117,1
22,46,1
22,84,1
22,153,1
22,221,1
21,142,17945
21,162,17926
21,237,17055
21,161,17043
21,48,16281
21,234,16009
21,230,15692
21,79,14785
21,138,14757
21,170,13869
21,132,12451
21,163,12376
21,186,12296
21,249,11027
21,236,11016
21,164,10966
21,68,10881
21,107,10823
21,239,10325
21,229,9096
21,231,9041
21,90,8517
21,141,8471
21,114,8083
21,113,7925
21,100,7569
21,263,7280
21,148,6688
21,144,6191
21,246,6107
21,238,6065
21,233,5478
21,137,4967
21,43,4898
21,140,4796
21,158,4766
21,211,4336
21,50,4302
21,13,4012
21,87,3986
21,143,3317
21,125,2893
21,261,2547
21,151,2501
21,262,2357
21,75,2125
21,166,2028
21,88,1985
21,41,1627
21,74,1401
21,45,1113
21,209,1063
21,24,932
21,4,921
21,232,833
21,42,694
21,65,687
21,224,654
21,181,646
21,97,621
21,33,619
21,255,578
21,25,542
21,116,513
21,145,495
21,244,425
21,7,380
21,152,375
21,256,360
21,226,339
21,66,329
21,146,320
21,112,224
21,40,200
21,52,170
21,223,156
21,189,156
21,49,153
21,80,133
21,12,131
21,193,123
21,179,123
21,129,119
21,243,115
21,10,108
21,17,101
21,260,87
21,61,84
21,127,65
21,106,64
21,168,58
21,82,55
21,37,54
21,93,46
21,225,41
21,247,41
21,215,39
21,95,36
21,188,34
21,89,32
21,217,30
21,202,29
21,228,27
21,190,26
21,216,25
21,36,24
21,69,24
21,14,23
21,195,22
21,119,21
21,76,21
21,159,21
21,196,21
21,83,20
21,219,19
21,130,19
21,70,18
21,254,17
21,54,17
21,62,16
21,134,15
21,34,15
21,220,15
21,257,15
21,157,14
21,28,13
21,177,13
21,235,13
21,35,11
21,241,11
21,85,11
21,197,10
21,39,10
21,194,9
21,72,9
21,71,9
21,155,8
21,173,8
21,242,8
21,191,7
21,165,7
21,92,7
21,160,7
21,167,7
21,259,7
21,227,7
21,250,7
21,248,6
21,133,6
21,182,6
21,91,6
21,212,6
21,121,6
21,38,6
21,136,6
21,77,5
21,51,5
21,123,5
21,102,5
21,19,5
21,78,5
21,18,5
21,213,5
21,26,5
21,153,5
21,63,5
21,198,5
21,126,5
21,124,5
21,67,5
21,46,4
21,120,4
21,222,4
21,135,4
21,128,4
21,258,4
21,1,4
21,60,4
21,185,3
21,208,3
21,139,3
21,3,3
21,81,3
21,8,3
21,32,3
21,169,3
21,174,3
21,47,3
21,203,3
21,86,3
21,150,3
21,205,3
21,56,3
21,180,3
21,207,3
21,11,2
21,252,2
21,16,2
21,253,2
21,210,2
21,23,2
21,94,2
21,53,2
21,149,2
21,21,2
21,29,2
21,64,2
21,240,2
21,178,1
21,101,1
21,108,1
21,111,1
21,73,1
21,22,1
21,218,1
21,204,1
21,147,1
21,175,1
21,57,1
21,115,1
21,200,1
21,122,1
21,105,1
21,131,1
20,237,18112
20,162,17646
20,161,17608
20,234,17054
20,170,15137
20,230,14907
20,142,13411
20,132,12992
20,186,12744
20,236,12743
20,163,12677
20,48,12473
20,138,12392
20,79,11959
20,164,11142
20,107,10589
20,239,10237
20,68,9843
20,141,9159
20,249,9135
20,229,8760
20,231,8694
20,100,8225
20,90,8095
20,113,7780
20,263,7376
20,238,6822
20,140,6625
20,233,6302
20,246,6262
20,114,6127
20,144,5891
20,137,5575
20,43,5149
20,148,4952
20,158,4592
20,211,4181
20,13,3986
20,143,3853
20,87,3655
20,50,3397
20,262,3185
20,151,3156
20,125,2851
20,261,2486
20,75,2318
20,166,2116
20,88,1861
20,41,1627
20,74,1483
20,24,1077
20,209,1002
20,45,932
20,4,711
20,232,667
20,42,635
20,65,617
20,224,601
20,33,541
20,181,472
20,116,453
20,97,439
20,25,435
20,145,429
20,255,401
20,152,387
20,7,368
20,66,347
20,244,309
20,226,303
20,146,255
20,256,247
20,112,176
20,40,154
20,52,151
20,12,126
20,49,126
20,189,122
20,80,119
20,179,111
20,223,105
20,243,104
20,129,98
20,193,94
20,260,71
20,10,70
20,61,69
20,17,69
20,106,57
20,168,50
20,37,42
20,195,39
20,247,39
20,127,39
20,89,35
20,82,35
20,95,33
20,93,32
20,225,31
20,159,27
20,202,26
20,54,25
20,228,24
20,1,24
20,219,24
20,215,23
20,130,23
20,188,22
20,217,21
20,190,20
20,216,20
20,36,20
20,14,19
20,254,17
20,133,17
20,35,17
20,76,16
20,83,16
20,218,16
20,70,15
20,69,15
20,177,14
20,28,14
20,62,13
20,220,13
20,92,12
20,196,12
20,134,12
20,39,11
20,85,11
20,47,11
20,257,10
20,157,10
20,71,9
20,51,9
20,67,9
20,259,9
20,241,8
20,198,8
20,194,8
20,119,8
20,136,7
20,182,7
20,227,7
20,18,7
20,139,7
20,16,7
20,19,7
20,81,7
20,135,6
20,250,6
20,26,6
20,56,6
20,191,6
20,174,6
20,153,6
20,22,5
20,213,5
20,169,5
20,77,5
20,155,5
20,167,5
20,173,5
20,78,5
20,235,5
20,197,5
20,63,5
20,185,5
20,192,5
20,207,5
20,72,4
20,120,4
20,200,4
20,102,4
20,121,3
20,147,3
20,180,3
20,149,3
20,242,3
20,34,3
20,98,3
20,11,3
20,178,3
20,123,3
20,131,3
20,117,3
20,8,3
20,53,3
20,101,3
20,205,3
20,203,3
20,212,3
20,210,3
20,55,2
20,258,2
20,94,2
20,86,2
20,126,2
20,150,2
20,91,2
20,248,2
20,160,2
20,23,2
20,124,2
20,108,2
20,165,2
20,171,2
20,21,2
20,111,1
20,105,1
20,46,1
20,38,1
20,32,1
20,128,1
20,175,1
20,58,1
20,9,1
20,208,1
20,60,1
20,20,1
20,183,1
19,237,22061
19,161,20313
19,162,18130
19,234,17356
19,236,17045
19,230,16166
19,163,15449
19,170,15324
19,142,14996
19,186,14762
19,138,14066
19,239,12780
19,48,12773
19,164,11786
19,79,10795
19,107,10773
19,141,10694
19,68,10655
19,132,10396
19,229,9431
19,238,9140
19,231,8972
19,263,8386
19,90,8248
19,100,8235
19,140,8179
19,249,8067
19,113,7917
19,43,7788
19,233,7049
19,246,6905
19,137,6085
19,114,5700
19,144,5383
19,143,5129
19,262,4951
19,211,4603
19,158,4579
19,13,4431
19,148,4279
19,151,3985
19,87,3707
19,50,3653
19,75,2921
19,261,2708
19,125,2685
19,166,2460
19,88,1976
19,41,1597
19,74,1476
19,24,1374
19,209,1159
19,45,1057
19,224,903
19,232,744
19,4,729
19,65,613
19,42,610
19,33,513
19,152,489
19,25,480
19,116,433
19,145,419
19,181,416
19,97,398
19,244,366
19,255,356
19,226,325
19,7,319
19,66,316
19,146,265
19,52,237
19,256,220
19,40,186
19,12,150
19,112,141
19,179,131
19,193,111
19,129,107
19,49,106
19,189,96
19,80,95
19,223,88
19,260,88
19,243,77
19,10,74
19,106,68
19,168,64
19,61,64
19,127,57
19,17,55
19,1,49
19,216,44
19,247,43
19,93,38
19,228,36
19,195,33
19,95,33
19,188,32
19,225,32
19,194,30
19,219,29
19,190,29
19,202,28
19,89,27
19,37,27
19,82,27
19,215,26
19,130,25
19,70,24
19,134,23
19,69,21
19,76,19
19,83,19
19,217,18
19,159,18
19,54,18
19,14,16
19,34,16
19,39,15
19,177,15
19,197,15
19,220,14
19,257,14
19,133,14
19,167,12
19,28,12
19,119,11
19,72,11
19,242,10
19,235,10
19,196,10
19,51,10
19,198,10
19,91,9
19,62,9
19,56,9
19,157,9
19,36,9
19,19,8
19,191,8
19,78,8
19,121,8
19,26,8
19,259,8
19,241,7
19,124,7
19,165,7
19,22,7
19,77,7
19,200,7
19,254,7
19,149,7
19,182,6
19,101,6
19,153,6
19,126,6
19,173,6
19,169,6
19,9,6
19,123,6
19,174,5
19,212,5
19,18,5
19,16,5
19,64,5
19,67,5
19,160,5
19,86,4
19,55,4
19,85,4
19,213,4
19,35,4
19,248,4
19,20,4
19,3,4
19,155,4
19,208,4
19,92,4
19,258,4
19,98,3
19,128,3
19,205,3
19,139,3
19,136,3
19,131,3
19,218,3
19,117,3
19,227,3
19,63,3
19,81,3
19,135,2
19,47,2
19,71,2
19,29,2
19,58,2
19,102,2
19,94,2
19,178,2
19,60,2
19,253,2
19,21,2
19,32,2
19,27,2
19,207,2
19,252,2
19,180,2
19,53,2
19,154,2
19,183,2
19,250,2
19,11,2
19,108,1
19,150,1
19,147,1
19,210,1
19,111,1
19,38,1
19,73,1
19,105,1
19,122,1
19,171,1
19,23,1
19,31,1
19,6,1
19,120,1
19,245,1
19,185,1
19,175,1
19,221,1
19,15,1
19,8,1
18,237,25398
18,236,21773
18,161,18324
18,162,17069
18,230,16262
18,142,16205
18,234,16115
18,138,15284
18,170,15209
18,163,15014
18,239,14092
18,48,13290
18,186,13192
18,141,12202
18,132,10879
18,238,10750
18,43,10703
18,68,10672
18,164,10588
18,107,10371
18,229,9591
18,79,9319
18,263,8960
18,140,8721
18,90,8709
18,231,8232
18,246,7645
18,113,7633
18,100,7555
18,249,7479
18,233,6642
18,143,6430
18,262,6367
18,137,5978
18,114,5514
18,151,4896
18,144,4565
18,13,4498
18,158,4312
18,211,4269
18,87,3981
18,50,3797
18,148,3618
18,75,3184
18,166,3107
18,261,2861
18,125,2383
18,88,2225
18,41,1870
18,74,1719
18,24,1546
18,209,1077
18,224,1002
18,45,987
18,4,769
18,42,734
18,65,727
18,232,661
18,33,596
18,152,552
18,116,483
18,25,478
18,244,463
18,145,427
18,97,383
18,181,382
18,226,374
18,66,356
18,146,333
18,7,314
18,255,302
18,52,225
18,40,171
18,256,169
18,12,141
18,10,133
18,193,125
18,179,121
18,112,115
18,223,112
18,243,93
18,129,85
18,260,84
18,49,77
18,194,72
18,168,70
18,189,66
18,106,60
18,80,59
18,247,58
18,61,58
18,127,46
18,1,42
18,82,41
18,17,41
18,70,40
18,37,39
18,93,39
18,216,38
18,215,38
18,219,36
18,14,31
18,130,31
18,228,31
18,34,30
18,89,29
18,225,29
18,95,28
18,159,27
18,202,24
18,188,24
18,69,24
18,217,22
18,133,22
18,28,22
18,195,22
18,220,21
18,190,19
18,197,19
18,62,19
18,134,19
18,83,17
18,54,16
18,254,16
18,76,16
18,257,15
18,196,15
18,26,14
18,72,13
18,227,13
18,78,12
18,167,12
18,177,12
18,157,11
18,191,11
18,36,11
18,71,11
18,165,11
18,174,10
18,235,10
18,92,10
18,208,9
18,56,9
18,213,9
18,153,9
18,39,8
18,51,8
18,91,8
18,124,8
18,119,8
18,85,8
18,218,8
18,250,8
18,212,7
18,22,7
18,19,7
18,200,6
18,180,6
18,136,6
18,222,6
18,203,6
18,31,6
18,241,6
18,21,6
18,77,6
18,155,6
18,18,6
18,121,6
18,149,6
18,185,5
18,47,5
18,20,5
18,67,5
18,35,5
18,205,5
18,242,5
18,169,5
18,198,4
18,182,4
18,258,4
18,8,4
18,81,4
18,64,4
18,147,4
18,173,4
18,32,4
18,27,4
18,60,4
18,128,4
18,55,4
18,210,3
18,101,3
18,117,3
18,135,3
18,29,3
18,122,3
18,178,3
18,11,3
18,259,3
18,139,3
18,252,3
18,175,3
18,102,2
18,126,2
18,240,2
18,123,2
18,94,2
18,9,2
18,105,2
18,15,2
18,192,2
18,57,2
18,131,2
18,120,2
18,108,2
18,16,1
18,207,1
18,183,1
18,104,1
18,38,1
18,248,1
18,58,1
18,253,1
18,6,1
18,184,1
18,150,1
18,171,1
18,160,1
18,115,1
18,53,1
18,3,1
18,86,1
18,63,1
17,237,23983
17,236,21910
17,162,16468
17,161,15226
17,138,14678
17,142,14200
17,170,14135
17,234,13592
17,230,13556
17,239,13245
17,132,12591
17,186,11833
17,163,11527
17,141,11355
17,48,10287
17,238,9916
17,43,9238
17,107,8968
17,68,8779
17,164,8351
17,140,7882
17,263,7812
17,90,7674
17,229,7664
17,79,7400
17,113,6898
17,246,6629
17,100,6558
17,231,6542
17,249,5905
17,233,5877
17,143,5761
17,262,5629
17,137,4744
17,151,4569
17,114,4489
17,13,3961
17,144,3889
17,158,3739
17,87,3588
17,75,3579
17,50,3454
17,166,3417
17,211,3168
17,148,2648
17,261,2316
17,88,2032
17,41,1980
17,74,1927
17,125,1801
17,24,1507
17,45,972
17,209,953
17,42,881
17,224,771
17,65,670
17,4,586
17,232,553
17,152,531
17,33,504
17,25,469
17,145,434
17,244,430
17,116,424
17,226,423
17,146,378
17,7,319
17,181,301
17,66,272
17,97,246
17,255,215
17,12,212
17,193,190
17,52,181
17,10,178
17,40,159
17,256,150
17,129,125
17,168,114
17,260,112
17,223,108
17,179,102
17,112,92
17,247,88
17,194,74
17,243,72
17,189,70
17,106,66
17,82,55
17,216,53
17,49,51
17,93,47
17,130,47
17,215,45
17,228,45
17,61,43
17,1,42
17,134,40
17,95,39
17,127,38
17,195,37
17,219,37
17,83,36
17,70,35
17,54,32
17,190,31
17,17,31
17,89,30
17,34,30
17,37,29
17,14,28
17,28,28
17,69,28
17,80,28
17,159,23
17,202,22
17,188,22
17,91,21
17,197,21
17,133,20
17,225,19
17,217,17
17,220,16
17,51,16
17,235,16
17,26,15
17,62,14
17,257,13
17,167,13
17,119,13
17,92,13
17,56,13
17,22,13
17,76,12
17,196,11
17,157,11
17,182,11
17,78,11
17,227,11
17,177,10
17,254,10
17,47,10
17,169,10
17,71,10
17,81,9
17,121,9
17,136,9
17,39,9
17,174,8
17,126,8
17,86,8
17,128,8
17,153,8
17,198,8
17,135,8
17,72,8
17,123,8
17,147,7
17,124,7
17,122,7
17,213,7
17,18,7
17,21,7
17,3,6
17,191,6
17,178,6
17,185,6
17,35,6
17,173,6
17,242,6
17,149,5
17,36,5
17,85,5
17,258,5
17,155,4
17,208,4
17,63,4
17,212,4
17,139,4
17,165,4
17,207,4
17,222,4
17,218,4
17,200,4
17,31,3
17,102,3
17,19,3
17,180,3
17,203,3
17,241,3
17,67,3
17,98,3
17,192,3
17,46,3
17,38,3
17,250,3
17,120,3
17,77,3
17,252,3
17,101,3
17,15,3
17,131,3
17,150,2
17,94,2
17,64,2
17,60,2
17,210,2
17,8,2
17,96,2
17,9,2
17,259,2
17,53,2
17,73,2
17,55,2
17,20,2
17,27,2
17,29,2
17,57,1
17,183,1
17,201,1
17,160,1
17,221,1
17,108,1
17,156,1
17,117,1
17,11,1
17,32,1
17,175,1
17,23,1
17,109,1
17,154,1
17,84,1
17,187,1
17,206,1
17,171,1
16,237,20948
16,236,19937
16,161,15282
16,138,14607
16,132,13141
16,162,12688
16,142,12664
16,170,11961
16,239,11950
16,234,11502
16,230,10874
16,186,10459
16,163,10177
16,141,9271
16,238,9028
16,107,8178
16,48,7796
16,43,7671
16,68,7473
16,164,7400
16,140,7215
16,263,7080
16,90,6166
16,100,6120
16,79,6063
16,229,5784
16,113,5522
16,231,5406
16,246,5181
16,249,5131
16,233,5019
16,143,5012
16,262,4680
16,137,4095
16,151,3777
16,114,3675
16,13,3243
16,144,3204
16,50,3123
16,158,2960
16,87,2955
16,75,2945
16,211,2583
16,166,2514
16,261,2229
16,148,2106
16,88,1655
16,74,1538
16,125,1528
16,41,1376
16,24,1162
16,45,946
16,209,663
16,145,565
16,224,564
16,42,563
16,226,529
16,65,488
16,10,443
16,232,442
16,4,416
16,152,399
16,244,368
16,116,348
16,7,340
16,25,339
16,33,316
16,146,264
16,12,240
16,97,237
16,181,211
16,66,182
16,193,160
16,93,158
16,255,152
16,129,144
16,260,136
16,215,135
16,223,132
16,194,131
16,216,127
16,130,124
16,52,115
16,256,112
16,40,104
16,82,98
16,179,95
16,219,83
16,28,75
16,243,72
16,112,72
16,134,69
16,95,69
16,247,66
16,168,62
16,106,58
16,197,55
16,61,53
16,196,50
16,1,50
16,189,45
16,49,44
16,26,43
16,157,43
16,195,38
16,14,37
16,80,36
16,70,35
16,56,32
16,83,30
16,127,29
16,228,28
16,159,27
16,190,26
16,76,25
16,89,22
16,188,22
16,17,21
16,37,21
16,225,20
16,92,19
16,220,19
16,62,18
16,160,18
16,22,17
16,139,15
16,69,15
16,51,15
16,155,15
16,217,14
16,124,13
16,136,13
16,202,13
16,174,12
16,242,12
16,257,12
16,133,12
16,165,12
16,85,11
16,212,11
16,81,10
16,177,10
16,218,10
16,47,10
16,119,10
16,198,10
16,39,9
16,210,9
16,207,9
16,78,9
16,169,9
16,123,9
16,102,8
16,222,8
16,250,8
16,191,8
16,54,8
16,19,8
16,205,8
16,227,8
16,167,8
16,180,7
16,63,7
16,213,7
16,150,7
16,34,7
16,178,7
16,121,7
16,192,7
16,149,7
16,71,6
16,200,6
16,235,6
16,86,6
16,173,6
16,29,5
16,135,5
16,16,5
16,36,5
16,21,5
16,108,5
16,18,5
16,46,5
16,153,5
16,67,5
16,258,5
16,126,5
16,131,4
16,171,4
16,77,4
16,248,4
16,91,4
16,32,4
16,241,4
16,35,4
16,254,4
16,3,3
16,203,3
16,101,3
16,154,3
16,182,3
16,8,3
16,64,3
16,53,3
16,96,3
16,72,3
16,55,3
16,9,3
16,147,3
16,11,3
16,20,3
16,252,2
16,208,2
16,94,2
16,60,2
16,38,2
16,27,2
16,259,2
16,128,2
16,221,2
16,117,2
16,201,2
16,31,2
16,58,1
16,73,1
16,15,1
16,98,1
16,175,1
16,183,1
16,206,1
16,253,1
16,23,1
16,185,1
15,236,23042
15,237,22603
15,161,17431
15,138,14717
15,162,13622
15,142,13438
15,234,13098
15,239,12922
15,170,12677
15,186,12102
15,163,11563
15,132,11352
15,230,11245
15,238,11066
15,141,9569
15,140,8949
15,164,8796
15,107,8742
15,43,8732
15,68,7834
15,263,7752
15,48,7620
15,100,6945
15,79,6637
15,90,6530
15,229,6185
15,231,6123
15,262,6044
15,113,5905
15,246,5752
15,143,5593
15,249,5466
15,233,5386
15,137,4444
15,151,3980
15,114,3760
15,13,3681
15,75,3496
15,144,3492
15,158,3167
15,50,3129
15,211,3000
15,166,2930
15,87,2925
15,261,2817
15,148,2532
15,125,1824
15,88,1746
15,74,1487
15,41,1457
15,24,1338
15,45,949
15,209,689
15,224,628
15,42,555
15,65,528
15,4,516
15,232,441
15,145,433
15,7,421
15,226,415
15,244,414
15,152,388
15,116,371
15,33,346
15,12,310
15,25,306
15,146,305
15,97,254
15,181,218
15,66,210
15,10,191
15,193,168
15,255,167
15,52,162
15,129,154
15,194,147
15,223,137
15,179,132
15,260,118
15,256,111
15,40,103
15,112,83
15,1,73
15,49,71
15,82,71
15,243,71
15,216,65
15,168,63
15,95,63
15,247,63
15,219,55
15,106,52
15,93,51
15,61,50
15,195,45
15,188,42
15,215,41
15,80,41
15,189,40
15,190,40
15,17,37
15,130,37
15,89,34
15,14,30
15,159,30
15,127,30
15,196,30
15,70,29
15,92,29
15,134,27
15,26,26
15,83,25
15,228,25
15,37,25
15,76,24
15,69,24
15,254,22
15,202,22
15,28,21
15,56,19
15,157,19
15,242,18
15,35,18
15,225,18
15,197,17
15,207,17
15,131,16
15,217,16
15,39,16
15,91,15
15,78,15
15,119,15
15,51,15
15,174,14
15,72,14
15,177,14
15,85,14
15,155,13
15,160,12
15,213,12
15,21,12
15,126,12
15,210,12
15,62,12
15,16,12
15,133,12
15,173,11
15,135,11
15,47,11
15,235,11
15,71,11
15,124,11
15,220,10
15,11,10
15,34,10
15,53,10
15,182,9
15,55,9
15,3,9
15,222,9
15,77,8
15,252,8
15,218,8
15,200,8
15,67,8
15,149,8
15,178,7
15,198,7
15,81,7
15,29,7
15,185,7
15,183,6
15,150,6
15,250,6
15,165,6
15,32,6
15,153,6
15,63,6
15,19,6
15,258,6
15,136,6
15,180,6
15,15,5
15,241,5
15,22,5
15,101,5
15,27,5
15,128,5
15,257,5
15,167,5
15,169,5
15,54,5
15,123,5
15,192,5
15,121,5
15,205,4
15,8,4
15,108,4
15,18,4
15,227,4
15,98,4
15,154,4
15,191,4
15,208,4
15,212,3
15,139,3
15,36,3
15,203,3
15,117,3
15,60,3
15,38,3
15,171,3
15,120,3
15,111,3
15,102,3
15,86,2
15,46,2
15,253,2
15,248,2
15,73,2
15,259,2
15,175,2
15,122,2
15,9,2
15,64,2
15,31,2
15,105,1
15,147,1
15,44,1
15,172,1
15,96,1
15,118,1
15,187,1
15,20,1
15,206,1
15,23,1
15,94,1
15,184,1
14,237,23973
14,236,20782
14,161,19365
14,162,15023
14,142,13810
14,234,13680
14,170,13461
14,138,13412
14,163,12783
14,239,12467
14,186,12260
14,230,12144
14,132,11892
14,141,9911
14,164,9662
14,238,9581
14,43,9278
14,107,9030
14,140,8960
14,48,8241
14,68,7833
14,263,7534
14,100,7365
14,229,7006
14,79,6864
14,90,6813
14,231,6641
14,113,6097
14,246,5830
14,249,5776
14,143,5749
14,233,5588
14,262,5387
14,137,4848
14,13,4215
14,151,4070
14,114,3738
14,211,3628
14,50,3581
14,75,3484
14,144,3416
14,261,3139
14,158,3016
14,87,2962
14,148,2664
14,166,2601
14,125,1986
14,88,1850
14,74,1588
14,41,1539
14,24,1378
14,45,1054
14,209,769
14,224,753
14,4,608
14,42,553
14,65,531
14,232,513
14,226,488
14,7,461
14,244,455
14,145,421
14,33,418
14,116,402
14,152,355
14,12,323
14,25,322
14,97,298
14,146,288
14,181,226
14,193,216
14,66,213
14,10,213
14,179,203
14,194,164
14,52,160
14,223,153
14,255,150
14,129,145
14,40,122
14,256,112
14,260,94
14,49,93
14,216,74
14,82,70
14,1,70
14,215,69
14,243,68
14,112,65
14,168,64
14,95,61
14,70,60
14,188,57
14,106,57
14,61,57
14,189,53
14,190,53
14,17,53
14,247,52
14,93,50
14,195,47
14,196,45
14,207,44
14,219,41
14,76,40
14,80,39
14,127,36
14,14,35
14,130,35
14,89,34
14,37,33
14,228,33
14,134,32
14,225,30
14,62,29
14,157,26
14,197,26
14,92,26
14,83,25
14,26,23
14,159,22
14,242,22
14,56,22
14,217,20
14,28,20
14,155,20
14,69,19
14,177,19
14,39,18
14,123,18
14,133,18
14,72,18
14,205,18
14,91,18
14,165,17
14,119,17
14,210,17
14,220,17
14,22,16
14,213,15
14,167,15
14,235,14
14,67,14
14,34,14
14,36,14
14,218,13
14,51,13
14,29,13
14,71,13
14,250,12
14,21,12
14,85,12
14,135,12
14,121,12
14,149,12
14,63,11
14,202,11
14,174,11
14,55,10
14,47,10
14,54,10
14,227,10
14,18,10
14,257,9
14,35,9
14,191,9
14,131,9
14,173,9
14,178,9
14,38,8
14,180,8
14,147,8
14,198,8
14,32,8
14,192,8
14,136,8
14,77,7
14,241,7
14,139,7
14,98,7
14,212,7
14,254,7
14,203,6
14,11,6
14,102,6
14,101,6
14,208,6
14,126,6
14,252,6
14,108,6
14,15,5
14,153,5
14,185,5
14,81,5
14,53,5
14,169,5
14,78,4
14,182,4
14,258,4
14,19,4
14,171,4
14,73,4
14,160,4
14,8,4
14,117,3
14,259,3
14,16,3
14,222,3
14,240,3
14,3,3
14,20,3
14,122,3
14,183,3
14,9,3
14,200,3
14,175,2
14,248,2
14,60,2
14,150,2
14,64,2
14,111,2
14,27,2
14,154,2
14,128,2
14,184,2
14,94,2
14,124,2
14,120,1
14,156,1
14,86,1
14,57,1
14,115,1
14,172,1
14,96,1
14,187,1
13,237,21180
13,161,19228
13,236,18857
13,162,13848
13,170,13249
13,186,12730
13,234,12706
13,142,12621
13,138,11965
13,163,11816
13,239,11722
13,230,10955
13,141,9662
13,164,9415
13,132,9280
13,43,9167
13,107,8699
13,238,8604
13,48,8505
13,68,8205
13,140,8070
13,229,7590
13,100,7430
13,263,7044
13,79,6864
13,90,6710
13,231,6318
13,246,5981
13,113,5952
13,233,5778
13,249,5417
13,143,5214
13,262,5141
13,137,4683
13,13,4257
13,151,3718
13,50,3685
13,114,3641
13,211,3394
13,144,3162
13,75,3056
13,87,3000
13,158,2908
13,261,2834
13,166,2668
13,148,2504
13,125,2120
13,88,1761
13,74,1532
13,41,1490
13,24,1282
13,45,970
13,224,807
13,209,681
13,42,633
13,4,583
13,65,538
13,232,452
13,244,437
13,7,424
13,226,407
13,145,405
13,116,394
13,152,382
13,33,371
13,12,310
13,25,289
13,146,278
13,97,266
13,181,244
13,66,206
13,193,205
13,179,160
13,10,156
13,194,156
13,52,155
13,223,154
13,40,129
13,129,128
13,255,123
13,256,109
13,260,96
13,243,79
13,61,77
13,49,68
13,112,62
13,188,61
13,189,60
13,17,54
13,82,53
13,93,52
13,168,51
13,130,49
13,216,48
13,80,48
13,76,48
13,207,47
13,190,46
13,215,46
13,95,45
13,247,45
13,70,40
13,228,37
13,219,34
13,127,34
13,89,33
13,39,32
13,1,32
13,37,31
13,225,30
13,195,30
13,106,30
13,28,29
13,123,29
13,134,28
13,196,26
13,159,25
13,165,23
13,14,23
13,26,22
13,213,22
13,83,21
13,217,21
13,62,20
13,177,20
13,56,19
13,191,18
13,51,17
13,92,17
13,197,16
13,15,16
13,34,15
13,69,15
13,218,14
13,220,14
13,173,14
13,35,14
13,182,13
13,133,13
13,91,13
13,22,13
13,205,13
13,135,12
13,235,12
13,185,12
13,54,12
13,36,12
13,257,12
13,157,11
13,222,11
13,210,11
13,21,11
13,202,11
13,227,11
13,198,10
13,136,10
13,121,10
13,153,10
13,29,10
13,149,10
13,72,10
13,86,10
13,241,9
13,55,9
13,71,9
13,174,9
13,208,9
13,178,9
13,16,9
13,131,9
13,155,9
13,139,9
13,250,8
13,77,8
13,60,8
13,32,8
13,242,8
13,254,8
13,108,8
13,67,7
13,160,7
13,81,7
13,128,7
13,119,7
13,85,7
13,126,6
13,192,6
13,18,6
13,203,6
13,63,6
13,167,6
13,38,6
13,101,5
13,252,5
13,122,5
13,200,5
13,19,5
13,171,5
13,169,5
13,8,4
13,259,4
13,180,4
13,212,4
13,3,4
13,11,4
13,124,4
13,94,4
13,47,4
13,20,4
13,183,3
13,175,3
13,248,3
13,9,3
13,27,3
13,258,3
13,102,3
13,31,3
13,150,3
13,253,2
13,73,2
13,240,2
13,147,2
13,117,2
13,98,2
13,78,2
13,64,2
13,206,1
13,120,1
13,109,1
13,53,1
13,201,1
13,154,1
13,59,1
13,156,1
12,237,21551
12,236,20321
12,161,19109
12,162,14851
12,170,13970
12,138,13678
12,186,13402
12,142,12495
12,234,12441
12,239,11933
12,163,11831
12,230,11130
12,141,10123
12,164,9322
12,238,9262
12,107,8897
12,48,8689
12,140,8444
12,43,8404
12,68,8087
12,229,7950
12,100,7714
12,263,7232
12,132,6807
12,231,6553
12,90,6423
12,79,6282
12,233,6060
12,246,5966
12,113,5954
12,262,5941
12,143,5578
12,249,5249
12,137,4918
12,13,4255
12,151,3982
12,50,3581
12,114,3352
12,75,3198
12,144,3072
12,87,3033
12,211,2982
12,158,2968
12,166,2852
12,261,2518
12,148,2330
12,125,2266
12,88,1682
12,41,1403
12,74,1351
12,24,1328
12,224,1053
12,45,947
12,209,669
12,4,618
12,42,576
12,65,513
12,232,469
12,226,427
12,33,426
12,7,411
12,244,403
12,116,378
12,145,363
12,152,339
12,146,300
12,25,265
12,97,230
12,181,228
12,12,224
12,193,206
12,66,205
12,179,163
12,223,161
12,52,150
12,129,135
12,255,119
12,194,115
12,40,111
12,260,101
12,256,90
12,195,89
12,10,88
12,112,86
12,243,78
12,247,58
12,168,58
12,49,55
12,189,53
12,188,52
12,82,52
12,207,50
12,216,42
12,80,41
12,14,41
12,61,40
12,93,39
12,89,39
12,70,38
12,215,38
12,190,36
12,17,34
12,95,32
12,127,31
12,106,30
12,1,28
12,134,27
12,83,27
12,228,25
12,37,24
12,165,24
12,219,24
12,196,23
12,92,22
12,159,21
12,220,21
12,130,20
12,217,20
12,76,19
12,28,19
12,123,19
12,202,19
12,39,18
12,119,18
12,62,18
12,210,18
12,22,17
12,91,17
12,197,17
12,69,16
12,71,16
12,155,15
12,205,15
12,51,15
12,26,15
12,218,15
12,56,14
12,225,14
12,177,13
12,167,13
12,242,13
12,85,12
12,222,12
12,182,12
12,35,12
12,178,12
12,135,12
12,227,11
12,72,11
12,192,10
12,235,10
12,191,10
12,254,10
12,16,10
12,55,10
12,78,9
12,213,9
12,20,9
12,241,9
12,257,9
12,15,9
12,133,9
12,149,9
12,136,9
12,19,8
12,185,8
12,122,8
12,153,8
12,174,8
12,124,8
12,36,8
12,200,8
12,169,7
12,47,7
12,250,7
12,259,7
12,157,7
12,121,7
12,18,7
12,147,6
12,34,6
12,60,6
12,21,6
12,29,6
12,8,6
12,101,6
12,198,6
12,208,6
12,54,6
12,11,6
12,173,6
12,98,6
12,53,5
12,67,5
12,160,5
12,150,5
12,212,5
12,258,5
12,171,5
12,175,4
12,32,4
12,131,4
12,102,4
12,81,4
12,3,4
12,248,3
12,203,3
12,86,3
12,126,3
12,77,3
12,108,3
12,38,3
12,63,3
12,139,3
12,180,3
12,252,3
12,120,3
12,240,3
12,183,2
12,73,2
12,117,2
12,94,2
12,128,2
12,46,1
12,57,1
12,27,1
12,64,1
12,9,1
12,31,1
12,201,1
12,59,1
12,105,1
11,237,20200
11,236,19404
11,161,17011
11,186,13815
11,162,13695
11,138,13463
11,170,13025
11,230,11787
11,142,11699
11,163,11213
11,239,11080
11,234,11072
11,141,9543
11,48,9277
11,238,8862
11,164,8617
11,140,8185
11,107,7922
11,68,7690
11,100,7408
11,43,7346
11,229,7311
11,263,7257
11,231,6307
11,90,6120
11,79,5930
11,262,5924
11,143,5508
11,246,5461
11,233,5430
11,113,5399
11,132,4926
11,249,4862
11,137,4542
11,13,3859
11,151,3834
11,50,3703
11,75,3090
11,87,2748
11,114,2732
11,158,2654
11,211,2514
11,166,2391
11,144,2370
11,261,2273
11,125,2166
11,148,2032
11,88,1380
11,24,1322
11,41,1288
11,74,1268
11,224,1108
11,45,805
11,4,575
11,209,572
11,42,487
11,65,477
11,226,451
11,7,411
11,232,388
11,244,377
11,116,375
11,145,371
11,146,337
11,33,318
11,152,305
11,25,272
11,193,214
11,12,203
11,179,200
11,97,194
11,181,184
11,223,161
11,52,160
11,129,149
11,40,124
11,66,123
11,260,110
11,255,87
11,243,81
11,10,75
11,256,70
11,194,66
11,112,64
11,168,62
11,49,62
11,82,57
11,189,55
11,70,54
11,195,49
11,17,48
11,61,46
11,76,43
11,95,42
11,89,42
11,247,41
11,14,40
11,207,39
11,228,38
11,188,38
11,216,36
11,127,36
11,130,33
11,106,33
11,80,32
11,28,32
11,83,31
11,93,30
11,92,28
11,159,25
11,1,24
11,39,22
11,26,22
11,123,22
11,210,21
11,215,20
11,91,20
11,51,20
11,37,19
11,69,18
11,225,18
11,196,18
11,177,17
11,62,17
11,85,17
11,213,17
11,155,16
11,190,16
11,135,16
11,219,15
11,254,15
11,205,15
11,134,15
11,35,14
11,72,14
11,242,14
11,55,14
11,197,14
11,165,14
11,227,13
11,217,13
11,218,13
11,178,12
11,19,12
11,182,12
11,133,12
11,185,12
11,77,12
11,71,11
11,220,11
11,259,10
11,173,10
11,34,10
11,202,10
11,21,10
11,157,10
11,153,10
11,78,9
11,198,9
11,149,9
11,16,9
11,22,9
11,60,9
11,171,9
11,241,9
11,36,9
11,167,9
11,257,8
11,124,8
11,222,8
11,191,8
11,63,7
11,67,7
11,131,7
11,235,7
11,119,7
11,136,7
11,54,7
11,9,7
11,38,7
11,121,7
11,56,7
11,174,7
11,15,7
11,108,7
11,258,7
11,200,7
11,101,6
11,32,6
11,18,6
11,98,6
11,175,6
11,208,6
11,29,6
11,122,5
11,147,5
11,169,5
11,126,5
11,102,5
11,212,4
11,53,4
11,139,4
11,160,4
11,94,4
11,120,4
11,240,4
11,250,3
11,73,3
11,6,3
11,203,3
11,86,3
11,81,3
11,252,3
11,27,3
11,199,3
11,11,3
11,117,3
11,31,2
11,192,2
11,20,2
11,183,2
11,156,1
11,8,1
11,47,1
11,221,1
11,128,1
11,248,1
11,111,1
11,201,1
11,30,1
11,2,1
11,253,1
10,237,18602
10,236,18424
10,161,14076
10,138,13857
10,186,13456
10,170,12430
10,162,12280
10,239,10923
10,230,10647
10,142,10488
10,163,10109
10,48,10104
10,234,9739
10,141,9665
10,238,9043
10,164,8222
10,68,8047
10,107,7986
10,229,7597
10,140,7566
10,263,7483
10,100,7391
10,43,6892
10,262,6562
10,132,6368
10,90,6236
10,79,6232
10,231,5894
10,143,5872
10,113,5534
10,249,5483
10,246,4997
10,233,4928
10,137,4298
10,50,4233
10,151,4165
10,13,3611
10,75,2898
10,158,2761
10,87,2503
10,114,2486
10,211,2186
10,125,2040
10,144,2026
10,166,1961
10,261,1912
10,148,1894
10,24,1447
10,74,1393
10,41,1340
10,224,1333
10,88,1049
10,45,706
10,4,681
10,209,552
10,226,542
10,42,499
10,232,467
10,7,466
10,65,450
10,244,448
10,116,429
10,145,413
10,33,357
10,146,338
10,152,319
10,193,279
10,25,244
10,52,213
10,179,211
10,97,203
10,181,190
10,40,188
10,129,171
10,223,167
10,260,147
10,66,131
10,12,99
10,10,94
10,243,72
10,256,72
10,89,70
10,49,67
10,82,66
10,70,65
10,61,58
10,255,57
10,112,56
10,95,51
10,168,47
10,215,45
10,189,45
10,225,44
10,76,44
10,130,42
10,247,41
10,188,41
10,228,39
10,39,39
10,37,38
10,83,37
10,216,36
10,219,35
10,80,34
10,28,33
10,17,33
10,195,32
10,93,30
10,62,29
10,106,29
10,1,28
10,127,28
10,14,28
10,207,26
10,194,25
10,159,25
10,196,24
10,205,24
10,213,23
10,69,22
10,26,22
10,139,20
10,55,20
10,218,20
10,222,18
10,92,18
10,22,18
10,35,18
10,165,17
10,51,17
10,72,17
10,134,16
10,135,16
10,91,16
10,197,16
10,119,15
10,77,15
10,155,14
10,235,14
10,123,14
10,131,13
10,29,13
10,173,13
10,71,13
10,133,13
10,108,13
10,177,13
10,227,13
10,202,12
10,220,12
10,217,12
10,167,12
10,191,12
10,47,12
10,78,12
10,198,12
10,157,12
10,210,11
10,81,11
10,182,10
10,54,10
10,160,10
10,242,10
10,208,10
10,153,10
10,175,10
10,257,10
10,56,10
10,203,9
10,36,9
10,136,9
10,254,8
10,190,8
10,67,8
10,34,8
10,126,8
10,212,8
10,15,7
10,38,7
10,200,7
10,117,7
10,185,7
10,3,7
10,11,7
10,101,7
10,85,6
10,121,6
10,124,6
10,192,6
10,18,6
10,241,6
10,19,6
10,250,6
10,63,5
10,16,5
10,53,5
10,258,5
10,32,5
10,171,4
10,150,4
10,174,4
10,122,4
10,147,4
10,149,4
10,60,4
10,169,4
10,21,4
10,240,3
10,20,3
10,259,3
10,102,3
10,6,3
10,64,3
10,86,3
10,178,3
10,252,3
10,183,3
10,8,3
10,214,2
10,98,2
10,156,2
10,128,2
10,94,2
10,58,2
10,248,2
10,73,2
10,2,1
10,118,1
10,57,1
10,59,1
10,111,1
10,154,1
10,180,1
10,221,1
10,9,1
10,31,1
10,201,1
9,236,18215
9,237,18059
9,186,13517
9,170,13493
9,162,12538
9,138,12512
9,161,11366
9,239,10293
9,48,10119
9,142,10065
9,141,10013
9,230,9781
9,238,9527
9,107,8948
9,234,8902
9,140,8645
9,229,8507
9,163,8054
9,263,8017
9,68,7846
9,100,7799
9,164,7711
9,262,7030
9,79,6876
9,90,6297
9,113,6037
9,249,5918
9,143,5839
9,231,5643
9,43,5482
9,233,5415
9,132,5140
9,246,4980
9,137,4753
9,50,4453
9,151,4383
9,13,4187
9,158,3334
9,75,3099
9,87,2744
9,114,2571
9,166,2229
9,148,2092
9,125,1859
9,144,1857
9,211,1741
9,24,1628
9,261,1600
9,41,1550
9,74,1535
9,224,1212
9,88,1046
9,4,824
9,42,743
9,45,625
9,209,609
9,226,608
9,116,599
9,7,597
9,65,589
9,244,546
9,33,466
9,232,432
9,152,377
9,146,342
9,40,340
9,52,339
9,179,298
9,145,297
9,25,284
9,97,265
9,193,264
9,223,231
9,129,214
9,181,214
9,260,183
9,66,181
9,49,113
9,10,110
9,82,103
9,61,85
9,12,80
9,70,72
9,95,69
9,188,66
9,255,62
9,247,59
9,243,56
9,168,55
9,89,55
9,35,54
9,76,53
9,189,48
9,216,46
9,130,44
9,256,43
9,228,41
9,83,41
9,106,40
9,127,39
9,17,39
9,80,38
9,112,37
9,91,36
9,39,36
9,225,35
9,215,34
9,93,32
9,28,32
9,135,30
9,72,30
9,219,29
9,14,29
9,195,28
9,194,28
9,69,27
9,51,27
9,177,26
9,1,26
9,213,26
9,218,25
9,55,25
9,205,25
9,92,25
9,254,25
9,134,25
9,196,24
9,202,23
9,77,23
9,37,23
9,159,22
9,62,21
9,220,21
9,165,21
9,26,20
9,222,20
9,207,20
9,210,20
9,71,19
9,182,19
9,123,18
9,119,17
9,22,17
9,21,16
9,242,16
9,133,16
9,217,15
9,155,15
9,32,15
9,85,15
9,54,15
9,190,15
9,235,14
9,167,14
9,63,13
9,139,13
9,227,13
9,257,12
9,108,12
9,78,12
9,169,12
9,198,12
9,174,12
9,81,12
9,212,11
9,258,11
9,131,11
9,197,10
9,157,10
9,11,10
9,203,10
9,18,10
9,56,10
9,200,9
9,250,9
9,259,9
9,38,9
9,19,9
9,178,9
9,121,8
9,208,8
9,101,8
9,122,8
9,241,8
9,36,8
9,147,7
9,173,7
9,171,7
9,20,7
9,192,7
9,153,6
9,248,6
9,3,6
9,160,6
9,117,6
9,15,6
9,16,5
9,67,5
9,175,5
9,53,5
9,191,5
9,86,5
9,183,4
9,102,4
9,34,4
9,124,4
9,136,4
9,60,4
9,128,4
9,126,4
9,98,4
9,185,4
9,47,4
9,29,4
9,8,3
9,252,3
9,149,2
9,156,2
9,180,2
9,96,2
9,9,2
9,240,2
9,23,2
9,64,2
9,120,1
9,253,1
9,150,1
8,236,20679
8,237,18676
8,170,13175
8,162,12588
8,186,12062
8,238,10739
8,141,10627
8,142,10360
8,239,10096
8,48,9960
8,140,9908
8,229,9407
8,138,9391
8,107,9050
8,161,8709
8,230,8639
8,234,8549
8,263,8387
8,100,7505
8,163,6985
8,164,6904
8,262,6890
8,68,6509
8,231,6155
8,233,6114
8,79,6073
8,143,5906
8,90,5701
8,113,5622
8,137,5615
8,249,5259
8,13,5230
8,246,4825
8,43,4667
8,151,4618
8,132,4561
8,50,4280
8,75,3926
8,158,3506
8,87,2973
8,166,2575
8,114,2217
8,41,2176
8,74,2041
8,148,1956
8,125,1921
8,24,1825
8,144,1637
8,211,1543
8,261,1387
8,88,1108
8,42,1100
8,224,958
8,226,901
8,4,884
8,33,879
8,116,815
8,244,727
8,7,717
8,65,669
8,209,668
8,52,660
8,40,619
8,232,568
8,152,503
8,45,481
8,179,416
8,146,389
8,97,335
8,25,320
8,193,288
8,260,277
8,181,275
8,66,264
8,145,259
8,129,241
8,223,230
8,10,146
8,49,140
8,82,109
8,243,103
8,89,93
8,95,89
8,61,73
8,188,70
8,247,63
8,256,58
8,189,57
8,255,56
8,168,56
8,216,56
8,17,54
8,70,53
8,83,52
8,12,46
8,76,46
8,228,45
8,219,45
8,93,44
8,39,44
8,80,42
8,112,41
8,72,41
8,37,41
8,51,40
8,225,39
8,130,38
8,91,38
8,54,38
8,35,38
8,196,37
8,14,36
8,127,34
8,213,34
8,92,34
8,165,32
8,215,32
8,69,29
8,28,28
8,71,27
8,106,27
8,135,26
8,85,26
8,218,25
8,205,24
8,177,24
8,56,23
8,210,23
8,195,23
8,62,22
8,134,22
8,123,21
8,133,20
8,19,20
8,1,20
8,155,20
8,26,19
8,77,19
8,29,19
8,167,18
8,220,18
8,197,17
8,119,16
8,212,16
8,174,16
8,235,15
8,222,15
8,159,15
8,81,15
8,258,15
8,78,15
8,55,15
8,257,15
8,194,15
8,124,14
8,202,13
8,259,13
8,250,13
8,32,13
8,169,12
8,254,12
8,248,12
8,200,12
8,21,12
8,191,11
8,47,10
8,153,10
8,175,10
8,217,10
8,11,10
8,190,10
8,131,10
8,139,10
8,22,10
8,34,10
8,182,9
8,207,9
8,121,9
8,178,9
8,198,9
8,15,9
8,38,9
8,136,8
8,208,8
8,147,8
8,126,8
8,203,8
8,18,8
8,157,8
8,242,7
8,171,7
8,180,7
8,173,6
8,63,6
8,252,6
8,241,6
8,185,6
8,227,5
8,160,5
8,149,5
8,60,5
8,150,4
8,3,4
8,98,4
8,64,4
8,8,4
8,192,4
8,108,4
8,128,4
8,53,4
8,16,4
8,67,3
8,58,3
8,101,3
8,94,3
8,9,2
8,96,2
8,73,2
8,206,2
8,111,2
8,36,2
8,102,2
8,122,2
8,105,1
8,20,1
8,221,1
8,86,1
8,240,1
8,154,1
7,236,16977
7,237,15281
7,186,14310
7,48,12754
7,170,10068
7,162,9649
7,141,9577
7,107,8378
7,238,8233
7,142,8229
7,100,7981
7,239,7972
7,229,7460
7,263,7275
7,262,7182
7,140,6888
7,161,6509
7,234,6469
7,230,6455
7,132,6201
7,138,5784
7,68,5527
7,79,5471
7,163,5356
7,164,5268
7,143,5147
7,90,5102
7,231,4824
7,137,4590
7,233,4548
7,249,4465
7,113,4419
7,43,4016
7,151,4012
7,75,3647
7,13,3592
7,50,3478
7,246,3200
7,158,2368
7,41,2364
7,74,2197
7,166,2153
7,87,2097
7,114,1611
7,24,1590
7,224,1398
7,148,1342
7,125,1316
7,42,1237
7,226,1175
7,144,1020
7,261,973
7,7,909
7,211,908
7,116,817
7,33,777
7,244,742
7,88,732
7,4,654
7,65,625
7,52,613
7,152,598
7,40,497
7,260,476
7,179,462
7,209,424
7,193,398
7,25,361
7,146,346
7,223,345
7,232,282
7,145,266
7,97,264
7,45,262
7,181,249
7,66,240
7,129,226
7,10,152
7,82,120
7,95,116
7,243,88
7,89,87
7,61,82
7,49,80
7,247,73
7,216,72
7,188,71
7,70,65
7,76,54
7,168,54
7,28,53
7,215,53
7,130,48
7,83,48
7,127,45
7,213,45
7,106,44
7,39,43
7,189,41
7,62,39
7,91,39
7,225,38
7,228,38
7,256,37
7,165,37
7,255,36
7,80,35
7,196,35
7,51,34
7,219,34
7,182,33
7,85,32
7,69,32
7,54,32
7,35,30
7,159,29
7,37,28
7,1,28
7,218,28
7,134,28
7,72,28
7,112,27
7,257,27
7,175,26
7,135,26
7,93,24
7,98,24
7,17,24
7,210,24
7,177,23
7,212,23
7,207,22
7,205,22
7,258,22
7,133,22
7,12,21
7,197,21
7,119,21
7,171,21
7,14,20
7,124,20
7,235,20
7,195,19
7,169,19
7,71,19
7,191,18
7,26,18
7,185,18
7,180,18
7,254,18
7,92,18
7,131,17
7,56,17
7,121,16
7,220,16
7,208,16
7,194,16
7,250,15
7,174,14
7,157,14
7,21,13
7,153,13
7,167,13
7,222,13
7,11,13
7,241,12
7,32,12
7,22,12
7,203,12
7,81,12
7,248,12
7,190,12
7,78,11
7,155,11
7,63,11
7,227,11
7,108,10
7,15,10
7,123,10
7,122,10
7,47,10
7,16,10
7,77,10
7,55,9
7,29,9
7,178,9
7,149,8
7,60,8
7,147,8
7,198,8
7,200,7
7,173,7
7,18,7
7,259,7
7,67,7
7,3,6
7,136,6
7,242,6
7,252,5
7,86,4
7,202,4
7,8,4
7,139,4
7,20,3
7,126,3
7,128,3
7,217,3
7,94,3
7,160,3
7,38,3
7,64,3
7,36,3
7,19,2
7,9,2
7,240,2
7,183,2
7,34,1
7,57,1
7,120,1
7,96,1
7,115,1
7,184,1
7,73,1
7,58,1
7,117,1
7,6,1
6,186,13519
6,48,11985
6,100,7565
6,236,6975
6,132,6569
6,162,5779
6,170,5529
6,107,5136
6,237,5065
6,141,4973
6,263,4948
6,68,4365
6,262,4126
6,238,3971
6,239,3930
6,142,3803
6,79,3708
6,230,3564
6,229,3329
6,161,3313
6,234,3270
6,90,3214
6,140,3095
6,164,3006
6,249,2887
6,143,2776
6,163,2725
6,231,2538
6,137,2538
6,113,2401
6,233,2200
6,151,2017
6,75,1987
6,50,1888
6,13,1726
6,43,1703
6,87,1571
6,246,1569
6,224,1198
6,41,1147
6,74,1135
6,148,1087
6,158,1062
6,226,960
6,114,932
6,166,916
6,24,763
6,7,707
6,125,682
6,42,655
6,261,608
6,144,587
6,33,557
6,88,505
6,211,483
6,260,453
6,4,438
6,25,437
6,138,424
6,65,411
6,116,409
6,244,406
6,52,322
6,40,302
6,179,301
6,223,301
6,152,298
6,193,289
6,146,277
6,129,274
6,97,215
6,209,197
6,232,196
6,45,182
6,82,160
6,66,160
6,145,158
6,181,158
6,10,139
6,95,76
6,256,74
6,49,68
6,70,65
6,83,63
6,130,61
6,168,59
6,89,56
6,188,55
6,247,54
6,80,52
6,215,47
6,112,47
6,216,43
6,76,42
6,243,42
6,61,41
6,196,40
6,189,39
6,255,38
6,28,37
6,225,33
6,17,31
6,69,28
6,213,28
6,93,26
6,51,26
6,1,24
6,127,24
6,37,23
6,258,23
6,106,23
6,219,23
6,159,22
6,218,20
6,72,19
6,228,19
6,54,19
6,39,19
6,71,18
6,182,18
6,210,17
6,32,17
6,81,17
6,134,16
6,131,16
6,250,16
6,207,16
6,257,15
6,205,15
6,22,14
6,119,14
6,173,14
6,35,14
6,191,14
6,124,13
6,197,13
6,169,13
6,133,13
6,203,13
6,85,12
6,254,12
6,62,12
6,259,11
6,12,11
6,122,11
6,165,11
6,91,11
6,56,11
6,78,10
6,77,10
6,235,10
6,121,10
6,177,10
6,26,10
6,167,10
6,190,9
6,47,9
6,92,9
6,149,9
6,194,9
6,21,9
6,126,9
6,241,9
6,135,9
6,18,8
6,195,8
6,98,8
6,36,8
6,8,7
6,63,7
6,136,7
6,14,7
6,147,6
6,123,6
6,208,6
6,174,6
6,242,6
6,157,5
6,150,5
6,153,5
6,155,5
6,102,5
6,227,5
6,217,5
6,248,5
6,220,5
6,175,4
6,212,4
6,86,4
6,222,4
6,60,4
6,202,4
6,198,3
6,108,3
6,171,3
6,160,3
6,16,3
6,101,3
6,55,3
6,200,3
6,185,3
6,221,2
6,73,2
6,15,2
6,120,2
6,240,2
6,64,2
6,111,2
6,183,2
6,67,2
6,38,2
6,6,2
6,53,2
6,252,1
6,96,1
6,178,1
6,3,1
6,139,1
6,128,1
6,192,1
6,11,1
6,34,1
6,19,1
6,180,1
5,48,5572
5,186,3658
5,100,3133
5,132,2923
5,79,2303
5,230,2212
5,170,2170
5,162,2123
5,236,2062
5,263,1972
5,107,1940
5,141,1928
5,68,1895
5,164,1759
5,238,1692
5,237,1670
5,239,1660
5,90,1582
5,249,1507
5,161,1386
5,229,1354
5,142,1336
5,234,1238
5,163,1182
5,262,1174
5,140,1161
5,148,1109
5,231,1093
5,137,1022
5,233,993
5,75,977
5,113,859
5,151,845
5,50,818
5,143,794
5,114,710
5,74,704
5,87,642
5,246,619
5,41,577
5,43,572
5,7,569
5,226,530
5,13,464
5,158,460
5,144,402
5,166,390
5,224,387
5,125,350
5,24,349
5,261,339
5,42,337
5,129,319
5,88,271
5,211,267
5,146,261
5,4,239
5,116,239
5,260,225
5,138,196
5,145,196
5,179,183
5,223,180
5,193,178
5,25,168
5,244,163
5,209,154
5,65,153
5,33,147
5,152,126
5,232,125
5,82,121
5,52,113
5,256,109
5,40,102
5,45,90
5,255,85
5,97,73
5,80,72
5,83,67
5,181,67
5,112,60
5,70,56
5,95,52
5,168,49
5,17,43
5,37,41
5,61,36
5,10,36
5,196,33
5,49,32
5,247,32
5,66,30
5,36,30
5,89,28
5,225,26
5,188,25
5,243,24
5,106,22
5,135,22
5,228,21
5,215,21
5,259,20
5,71,20
5,130,20
5,159,20
5,133,19
5,76,18
5,207,17
5,26,17
5,28,16
5,189,16
5,218,16
5,219,16
5,205,15
5,216,15
5,257,14
5,92,14
5,173,14
5,69,14
5,93,14
5,197,13
5,203,13
5,178,13
5,191,12
5,134,12
5,150,12
5,39,12
5,85,12
5,1,12
5,91,12
5,62,12
5,235,11
5,213,11
5,160,10
5,212,10
5,167,10
5,12,9
5,56,9
5,102,9
5,14,9
5,72,8
5,22,8
5,127,8
5,177,8
5,157,7
5,119,7
5,174,7
5,78,7
5,136,6
5,175,6
5,182,6
5,195,5
5,47,5
5,198,5
5,165,5
5,250,5
5,254,4
5,217,4
5,123,4
5,20,4
5,242,4
5,19,4
5,190,4
5,169,4
5,94,4
5,6,3
5,214,3
5,32,3
5,221,3
5,8,3
5,18,3
5,155,3
5,53,3
5,77,3
5,51,3
5,241,3
5,248,2
5,139,2
5,149,2
5,210,2
5,208,2
5,21,2
5,258,2
5,194,2
5,121,2
5,31,2
5,29,2
5,60,2
5,35,2
5,220,2
5,3,2
5,86,2
5,153,2
5,16,1
5,96,1
5,124,1
5,120,1
5,117,1
5,200,1
5,23,1
5,184,1
5,192,1
5,185,1
5,73,1
5,122,1
5,57,1
5,101,1
5,126,1
5,227,1
5,67,1
5,240,1
5,222,1
5,98,1
5,11,1
5,171,1
5,38,1
4,79,4271
4,48,3708
4,148,3471
4,230,3278
4,68,2905
4,249,2225
4,164,2072
4,186,2002
4,141,1572
4,107,1503
4,114,1391
4,170,1377
4,100,1376
4,90,1338
4,231,1203
4,246,1202
4,234,1187
4,162,1158
4,163,1146
4,161,1091
4,263,1080
4,144,998
4,229,951
4,158,869
4,50,832
4,113,805
4,137,772
4,142,646
4,7,644
4,239,631
4,125,613
4,237,611
4,238,607
4,236,604
4,140,584
4,233,573
4,75,543
4,132,530
4,74,511
4,226,471
4,87,409
4,262,399
4,255,376
4,151,359
4,41,355
4,129,347
4,4,347
4,256,332
4,166,324
4,211,324
4,143,300
4,43,258
4,232,251
4,80,248
4,42,228
4,260,214
4,13,202
4,146,200
4,82,199
4,24,198
4,261,196
4,88,189
4,116,177
4,224,171
4,145,169
4,179,167
4,45,165
4,25,146
4,209,135
4,193,128
4,244,116
4,152,108
4,37,105
4,223,101
4,181,99
4,138,98
4,112,96
4,65,94
4,36,90
4,17,67
4,97,66
4,49,62
4,83,48
4,168,41
4,243,40
4,61,38
4,33,35
4,40,32
4,89,31
4,70,31
4,225,31
4,189,29
4,127,24
4,247,23
4,217,23
4,216,21
4,188,21
4,228,20
4,106,20
4,173,18
4,198,18
4,1,18
4,130,14
4,62,14
4,26,14
4,95,14
4,52,13
4,157,13
4,10,12
4,69,12
4,66,12
4,56,11
4,218,10
4,85,10
4,169,9
4,159,9
4,196,8
4,93,8
4,195,7
4,202,7
4,119,7
4,177,7
4,136,7
4,14,7
4,101,7
4,178,7
4,92,7
4,257,6
4,91,6
4,102,6
4,197,6
4,212,6
4,51,6
4,12,6
4,167,5
4,133,5
4,258,5
4,235,5
4,242,5
4,134,4
4,182,4
4,72,4
4,76,4
4,28,4
4,219,4
4,126,4
4,57,4
4,191,4
4,227,4
4,205,4
4,259,4
4,185,3
4,47,3
4,78,3
4,180,3
4,71,3
4,108,3
4,60,3
4,192,3
4,6,3
4,165,3
4,254,3
4,207,3
4,18,3
4,248,3
4,63,3
4,190,3
4,77,2
4,22,2
4,210,2
4,252,2
4,35,2
4,139,2
4,39,2
4,3,2
4,20,2
4,135,2
4,250,2
4,19,2
4,241,2
4,123,2
4,222,2
4,34,2
4,215,2
4,160,2
4,204,1
4,200,1
4,149,1
4,98,1
4,11,1
4,194,1
4,9,1
4,121,1
4,251,1
4,172,1
4,54,1
4,53,1
4,21,1
4,94,1
4,208,1
4,203,1
4,86,1
4,174,1
4,147,1
4,153,1
4,67,1
4,221,1
4,213,1
4,171,1
4,55,1
4,220,1
4,175,1
4,29,1
4,155,1
3,148,6634
3,79,6545
3,68,4385
3,48,3940
3,249,3522
3,230,3132
3,164,2520
3,114,2469
3,246,2144
3,158,2038
3,144,1895
3,234,1765
3,90,1744
3,107,1719
3,186,1549
3,231,1467
3,100,1462
3,163,1418
3,170,1410
3,141,1303
3,161,1149
3,162,1107
3,50,1082
3,229,1071
3,263,981
3,113,950
3,137,929
3,125,909
3,142,617
3,239,610
3,237,555
3,132,531
3,211,508
3,7,494
3,255,483
3,233,455
3,140,449
3,238,434
3,74,426
3,4,417
3,256,409
3,41,372
3,236,348
3,87,341
3,75,339
3,166,331
3,232,327
3,80,287
3,226,267
3,129,249
3,261,230
3,151,229
3,24,191
3,262,187
3,45,185
3,88,182
3,42,181
3,43,162
3,116,159
3,143,153
3,260,153
3,146,146
3,82,141
3,145,135
3,37,134
3,25,129
3,112,122
3,181,116
3,224,110
3,97,107
3,36,103
3,65,103
3,13,102
3,209,94
3,152,93
3,244,89
3,179,84
3,193,69
3,223,60
3,61,56
3,168,55
3,17,53
3,49,48
3,225,43
3,33,43
3,243,41
3,106,39
3,189,38
3,40,35
3,138,32
3,83,32
3,228,25
3,127,24
3,217,22
3,188,21
3,89,19
3,247,16
3,70,13
3,52,12
3,95,12
3,130,12
3,196,11
3,71,11
3,12,11
3,1,10
3,63,10
3,66,10
3,14,9
3,198,9
3,69,9
3,190,8
3,219,8
3,28,8
3,159,7
3,56,7
3,173,7
3,169,7
3,136,6
3,133,6
3,242,6
3,62,6
3,76,6
3,235,5
3,167,5
3,227,5
3,216,5
3,157,5
3,78,5
3,92,5
3,85,5
3,91,4
3,10,4
3,177,4
3,26,4
3,35,4
3,72,4
3,60,4
3,178,4
3,197,4
3,123,3
3,126,3
3,3,3
3,119,3
3,241,3
3,174,3
3,250,3
3,22,2
3,191,2
3,215,2
3,135,2
3,18,2
3,192,2
3,180,2
3,195,2
3,202,2
3,120,2
3,259,2
3,39,2
3,47,2
3,6,2
3,73,2
3,240,2
3,213,2
3,94,2
3,67,2
3,171,2
3,165,2
3,121,2
3,194,1
3,254,1
3,183,1
3,93,1
3,117,1
3,160,1
3,77,1
3,86,1
3,252,1
3,258,1
3,200,1
3,251,1
3,147,1
3,212,1
3,153,1
3,101,1
3,134,1
3,175,1
3,149,1
3,248,1
3,176,1
3,9,1
3,155,1
3,51,1
3,29,1
3,96,1
3,8,1
3,182,1
3,109,1
3,84,1
3,23,1
3,257,1
3,102,1
2,79,9285
2,148,9093
2,249,5256
2,48,4866
2,68,4789
2,114,4361
2,230,3992
2,164,3476
2,158,3285
2,234,3047
2,144,2857
2,107,2723
2,186,2620
2,246,2525
2,90,2368
2,163,2109
2,231,2030
2,100,2022
2,170,1913
2,161,1910
2,162,1709
2,141,1695
2,132,1568
2,229,1529
2,113,1456
2,263,1395
2,137,1274
2,50,1238
2,211,1163
2,125,1161
2,142,1080
2,239,1033
2,237,898
2,233,712
2,238,683
2,4,624
2,255,596
2,140,583
2,87,572
2,236,526
2,232,522
2,7,513
2,74,500
2,256,497
2,75,471
2,166,454
2,41,425
2,138,420
2,261,380
2,45,371
2,88,364
2,151,317
2,226,309
2,143,285
2,145,269
2,80,251
2,43,246
2,42,243
2,116,241
2,24,228
2,262,221
2,181,214
2,129,212
2,13,212
2,209,207
2,112,191
2,25,180
2,146,177
2,260,154
2,224,149
2,152,138
2,244,136
2,37,136
2,65,136
2,82,130
2,97,118
2,36,113
2,17,87
2,179,85
2,49,77
2,193,73
2,223,71
2,61,65
2,33,54
2,168,51
2,225,46
2,106,43
2,189,43
2,243,41
2,40,37
2,83,35
2,89,29
2,127,24
2,66,24
2,217,24
2,196,20
2,52,19
2,188,18
2,173,18
2,228,18
2,247,17
2,22,15
2,12,15
2,216,14
2,159,14
2,95,13
2,69,12
2,130,12
2,198,12
2,10,11
2,219,10
2,157,9
2,85,9
2,14,8
2,133,8
2,62,8
2,227,8
2,119,8
2,56,7
2,182,7
2,177,7
2,70,7
2,26,6
2,18,6
2,93,6
2,169,6
2,257,6
2,235,6
2,135,6
2,92,5
2,102,5
2,212,5
2,28,5
2,190,5
2,241,5
2,76,5
2,174,4
2,254,4
2,39,4
2,98,4
2,202,4
2,1,4
2,215,4
2,94,3
2,78,3
2,47,3
2,248,3
2,250,3
2,136,3
2,208,3
2,120,3
2,197,3
2,134,3
2,126,3
2,124,3
2,160,3
2,205,3
2,123,3
2,72,3
2,91,3
2,71,3
2,220,3
2,242,2
2,213,2
2,165,2
2,77,2
2,3,2
2,54,2
2,35,2
2,131,2
2,191,2
2,20,2
2,258,2
2,210,2
2,118,2
2,128,2
2,2,1
2,19,1
2,60,1
2,203,1
2,195,1
2,194,1
2,240,1
2,57,1
2,221,1
2,9,1
2,218,1
2,63,1
2,64,1
2,150,1
2,185,1
2,252,1
2,153,1
2,167,1
2,147,1
2,171,1
2,108,1
2,121,1
2,86,1
2,180,1
2,204,1
2,81,1
2,200,1
2,29,1
2,6,1
1,79,11321
1,148,10112
1,249,6933
1,48,6710
1,230,6284
1,114,5857
1,68,5311
1,234,4894
1,164,4813
1,132,4495
1,158,4191
1,107,4102
1,161,3991
1,144,3748
1,90,3349
1,163,3328
1,186,3258
1,100,3176
1,170,3161
1,231,2945
1,162,2836
1,246,2540
1,142,2491
1,229,2300
1,113,2202
1,141,2189
1,263,2164
1,239,1907
1,237,1903
1,137,1727
1,50,1680
1,211,1668
1,138,1566
1,125,1368
1,233,1158
1,238,1101
1,87,967
1,236,963
1,140,942
1,4,889
1,255,709
1,88,683
1,74,681
1,232,680
1,41,671
1,75,670
1,7,638
1,166,635
1,45,616
1,256,524
1,43,512
1,261,503
1,151,496
1,143,492
1,13,456
1,209,401
1,262,379
1,42,370
1,145,353
1,226,334
1,80,319
1,116,316
1,24,315
1,181,296
1,146,240
1,112,228
1,25,225
1,97,216
1,224,206
1,129,205
1,65,204
1,244,191
1,152,188
1,260,154
1,37,145
1,17,124
1,61,118
1,82,114
1,49,107
1,223,101
1,33,101
1,179,101
1,36,93
1,189,92
1,193,75
1,40,70
1,243,68
1,106,57
1,225,56
1,66,55
1,168,48
1,89,47
1,83,47
1,217,44
1,95,41
1,127,39
1,188,36
1,247,31
1,12,30
1,159,29
1,196,28
1,228,27
1,56,25
1,52,24
1,173,23
1,14,23
1,10,23
1,198,21
1,93,20
1,130,20
1,62,18
1,28,17
1,259,14
1,133,12
1,85,12
1,69,11
1,195,10
1,194,10
1,70,10
1,216,10
1,227,9
1,157,9
1,215,9
1,169,9
1,136,8
1,202,8
1,92,8
1,134,8
1,250,8
1,235,8
1,257,8
1,219,7
1,63,7
1,177,6
1,248,6
1,147,5
1,190,5
1,22,5
1,131,5
1,94,5
1,39,5
1,242,5
1,241,5
1,165,5
1,47,5
1,72,5
1,167,5
1,213,4
1,121,4
1,197,4
1,119,4
1,203,4
1,54,4
1,171,4
1,35,4
1,135,4
1,192,4
1,126,4
1,76,3
1,174,3
1,205,3
1,26,3
1,220,3
1,19,3
1,160,3
1,18,3
1,29,3
1,212,3
1,254,3
1,150,3
1,32,2
1,124,2
1,183,2
1,67,2
1,258,2
1,8,2
1,51,2
1,57,2
1,123,2
1,21,2
1,178,2
1,182,2
1,64,2
1,31,2
1,91,2
1,78,2
1,210,2
1,191,2
1,102,1
1,118,1
1,9,1
1,105,1
1,185,1
1,156,1
1,1,1
1,3,1
1,175,1
1,149,1
1,245,1
1,200,1
1,128,1
1,16,1
1,206,1
1,84,1
1,155,1
1,38,1
1,252,1
1,218,1
1,120,1
1,34,1
1,98,1
1,60,1
1,71,1
1,6,1
0,79,13080
0,230,10766
0,48,10226
0,148,9872
0,249,8964
0,132,8585
0,234,8306
0,161,7834
0,164,7326
0,114,6744
0,68,6707
0,107,6491
0,163,5782
0,142,5685
0,170,5628
0,162,5367
0,138,5181
0,186,4979
0,100,4677
0,231,4618
0,158,4617
0,144,4495
0,90,4384
0,237,4168
0,113,3738
0,229,3389
0,239,3183
0,141,3119
0,263,2997
0,246,2982
0,137,2914
0,211,2529
0,50,2338
0,236,2136
0,233,2044
0,238,1907
0,125,1781
0,87,1772
0,140,1691
0,43,1339
0,88,1052
0,255,1044
0,13,1031
0,166,1022
0,41,982
0,75,979
0,4,935
0,74,913
0,261,896
0,143,883
0,151,823
0,45,804
0,232,803
0,262,680
0,256,671
0,209,627
0,7,595
0,42,535
0,181,507
0,97,490
0,145,489
0,116,480
0,24,469
0,25,453
0,226,397
0,65,362
0,244,359
0,80,349
0,112,342
0,146,315
0,224,313
0,152,277
0,33,218
0,129,202
0,49,168
0,260,155
0,37,155
0,17,150
0,40,144
0,189,141
0,223,140
0,179,138
0,193,115
0,66,103
0,61,101
0,243,99
0,36,92
0,82,91
0,106,84
0,52,70
0,12,70
0,168,66
0,225,62
0,127,61
0,247,46
0,188,45
0,95,39
0,228,38
0,10,37
0,28,37
0,217,36
0,83,32
0,89,29
0,62,27
0,69,26
0,93,22
0,195,22
0,159,22
0,190,19
0,14,19
0,196,19
0,130,18
0,136,18
0,177,17
0,70,17
0,157,16
0,85,15
0,216,15
0,202,15
0,173,13
0,219,13
0,235,12
0,119,12
0,134,11
0,133,11
0,56,11
0,169,10
0,198,9
0,76,9
0,54,9
0,257,9
0,215,9
0,220,9
0,167,8
0,242,8
0,92,8
0,197,7
0,77,7
0,194,7
0,259,6
0,18,6
0,35,6
0,160,5
0,120,5
0,171,5
0,39,5
0,210,5
0,126,5
0,250,5
0,91,5
0,72,5
0,174,5
0,212,4
0,147,4
0,191,4
0,71,4
0,227,4
0,60,4
0,178,4
0,165,4
0,213,4
0,94,4
0,131,4
0,34,4
0,203,3
0,121,3
0,67,3
0,16,3
0,53,3
0,207,3
0,47,3
0,19,3
0,26,3
0,185,3
0,29,3
0,149,2
0,248,2
0,20,2
0,102,2
0,208,2
0,31,2
0,153,2
0,200,2
0,81,2
0,108,2
0,9,2
0,63,2
0,241,2
0,155,2
0,154,2
0,128,2
0,135,2
0,206,2
0,3,2
0,55,2
0,124,2
0,192,2
0,21,2
0,57,1
0,258,1
0,180,1
0,222,1
0,118,1
0,58,1
0,221,1
0,117,1
0,15,1
0,78,1
0,254,1
0,64,1
0,182,1
0,11,1
0,38,1
0,1,1
0,123,1
0,240,1
0,8,1
0,101,1
0,218,1
0,205,1
0,111,1
0,51,1
