DOLocationID,doday,mean_day,sd_day
1.0,1.0,588.0961538461538,122.0964356267626
1.0,2.0,491.46153846153845,103.85046971647179
1.0,3.0,463.38461538461536,72.24798086496851
1.0,4.0,518.9423076923077,100.88149006486466
1.0,5.0,596.5961538461538,119.47914078598097
1.0,6.0,632.5192307692307,126.63603711991266
1.0,7.0,441.3269230769231,79.99600998722572
2.0,1.0,1.1428571428571428,0.3779644730092272
2.0,2.0,1.1111111111111112,0.3333333333333333
2.0,3.0,1.0,0.0
2.0,4.0,1.0909090909090908,0.30151134457776363
2.0,5.0,1.1428571428571428,0.3779644730092272
2.0,6.0,1.1,0.31622776601683794
2.0,7.0,1.0,0.0
3.0,1.0,19.673076923076923,4.747429247977799
3.0,2.0,19.653846153846153,4.768707702547709
3.0,3.0,18.115384615384617,5.45445975525711
3.0,4.0,18.826923076923077,3.954253871496028
3.0,5.0,20.192307692307693,4.61046746614812
3.0,6.0,20.0,5.31737809488112
3.0,7.0,19.692307692307693,4.69684275072497
4.0,1.0,1431.4423076923076,191.75765071134666
4.0,2.0,1083.0384615384614,273.83206257066456
4.0,3.0,1118.6153846153845,130.14669759900784
4.0,4.0,1187.8076923076924,123.80424752153725
4.0,5.0,1260.7884615384614,160.49327596182744
4.0,6.0,1499.1346153846155,196.0536170007196
4.0,7.0,1672.7307692307693,254.9419092144453
5.0,1.0,1.6285714285714286,0.8075276096432459
5.0,2.0,2.0681818181818183,1.0868714922160605
5.0,3.0,2.282608695652174,1.1286775640005702
5.0,4.0,2.5510204081632653,1.3853583244326466
5.0,5.0,2.6739130434782608,1.41506729837743
5.0,6.0,2.466666666666667,1.2898202834644694
5.0,7.0,2.369565217391304,1.5826657631586005
6.0,1.0,4.961538461538462,1.9499777621812786
6.0,2.0,4.9411764705882355,2.460989757848515
6.0,3.0,5.788461538461538,2.2780843213020656
6.0,4.0,5.980769230769231,3.0517779107087053
6.0,5.0,6.596153846153846,2.745831888550534
6.0,6.0,6.686274509803922,2.9899176983885787
6.0,7.0,5.75,2.9297326385411573
7.0,1.0,1508.75,244.2120482486561
7.0,2.0,1042.6538461538462,318.41610983825063
7.0,3.0,972.4807692307693,128.24233958463867
7.0,4.0,1032.7115384615386,106.6933183380238
7.0,5.0,1107.9038461538462,142.56917957717656
7.0,6.0,1237.0384615384614,162.5191345040321
7.0,7.0,1526.4038461538462,261.57054007647235
8.0,1.0,7.078431372549019,4.753285757262662
8.0,2.0,3.7254901960784315,2.333053204473049
8.0,3.0,4.0,2.424366106925306
8.0,4.0,4.326923076923077,2.8678143200630988
8.0,5.0,4.25,2.448488929771929
8.0,6.0,4.980769230769231,2.4049816322757454
8.0,7.0,6.384615384615385,2.9515954220463456
9.0,1.0,19.326923076923077,7.202181461049727
9.0,2.0,22.23076923076923,7.803004410357225
9.0,3.0,20.076923076923077,7.251358639014752
9.0,4.0,21.46153846153846,7.619535106145639
9.0,5.0,22.307692307692307,8.163857367639109
9.0,6.0,22.192307692307693,6.741846089001349
9.0,7.0,20.923076923076923,6.0092939582216935
10.0,1.0,121.48076923076923,17.8352926003971
10.0,2.0,124.61538461538461,24.46298031171842
10.0,3.0,118.0,22.837877034675973
10.0,4.0,112.40384615384616,23.147658684283876
10.0,5.0,116.0576923076923,18.660447277848178
10.0,6.0,121.4423076923077,17.219930838988514
10.0,7.0,127.86538461538461,18.216593218179444
11.0,1.0,19.78846153846154,4.358163574671073
11.0,2.0,19.75,5.342669524409949
11.0,3.0,18.96153846153846,4.545894672233477
11.0,4.0,22.096153846153847,6.133353416584603
11.0,5.0,19.98076923076923,5.165839470589212
11.0,6.0,24.75,5.331648018036758
11.0,7.0,21.884615384615383,4.061555029903589
12.0,1.0,196.90384615384616,67.85863611008524
12.0,2.0,195.55769230769232,58.95209536149934
12.0,3.0,196.53846153846155,50.50818669361358
12.0,4.0,187.17307692307693,47.41461723563536
12.0,5.0,202.59615384615384,46.85407451484379
12.0,6.0,198.78846153846155,43.29666768795082
12.0,7.0,228.15384615384616,59.54249911284643
13.0,1.0,2132.5,215.6960006719697
13.0,2.0,2573.673076923077,353.36104522222456
13.0,3.0,2750.230769230769,321.2259979824
13.0,4.0,2818.826923076923,394.7028031194444
13.0,5.0,2903.3846153846152,465.9129412006931
13.0,6.0,2744.25,328.70231332364204
13.0,7.0,2481.423076923077,254.7291792298857
14.0,1.0,204.6153846153846,25.788091069826034
14.0,2.0,181.84615384615384,35.749336818411884
14.0,3.0,197.65384615384616,24.60900888395096
14.0,4.0,213.30769230769232,32.84875528816732
14.0,5.0,230.42307692307693,37.05869544376821
14.0,6.0,234.3653846153846,36.793557005324615
14.0,7.0,216.30769230769232,30.147700762028315
15.0,1.0,28.076923076923077,7.1148729994208875
15.0,2.0,27.71153846153846,6.469647196070969
15.0,3.0,26.423076923076923,5.675354886877651
15.0,4.0,25.192307692307693,6.701005079832405
15.0,5.0,26.596153846153847,5.931833745454302
15.0,6.0,26.76923076923077,5.933009634093843
15.0,7.0,25.0,6.773651374345779
16.0,1.0,44.48076923076923,6.938074504360291
16.0,2.0,41.73076923076923,9.47052265699638
16.0,3.0,39.53846153846154,7.526323838893956
16.0,4.0,38.71153846153846,7.812349546062582
16.0,5.0,42.80769230769231,7.385832918734966
16.0,6.0,44.69230769230769,8.97827107147478
16.0,7.0,41.34615384615385,8.01196315171848
17.0,1.0,446.9423076923077,59.18810607252514
17.0,2.0,321.5576923076923,90.58684782291357
17.0,3.0,318.1923076923077,39.96667163561359
17.0,4.0,340.0769230769231,43.530852774648075
17.0,5.0,365.8269230769231,56.92710204471726
17.0,6.0,385.59615384615387,55.35066806737998
17.0,7.0,431.8269230769231,57.40899743442082
18.0,1.0,49.17307692307692,9.652229558239235
18.0,2.0,38.05769230769231,14.738788975098624
18.0,3.0,36.76923076923077,6.172727444376928
18.0,4.0,37.53846153846154,7.99132259406497
18.0,5.0,40.09615384615385,8.5135638384151
18.0,6.0,43.57692307692308,9.268005589219827
18.0,7.0,53.78846153846154,9.673769949596041
19.0,1.0,17.51923076923077,5.297022414102596
19.0,2.0,19.192307692307693,4.962757225174138
19.0,3.0,18.826923076923077,4.377845982323637
19.0,4.0,19.48076923076923,5.363238649216204
19.0,5.0,18.51923076923077,4.6841007030893085
19.0,6.0,21.01923076923077,5.366893374636854
19.0,7.0,18.576923076923077,4.803373625905573
20.0,1.0,31.346153846153847,12.298389206473603
20.0,2.0,26.21153846153846,16.44877555304863
20.0,3.0,22.846153846153847,8.1610856048921
20.0,4.0,21.76923076923077,5.297485102979487
20.0,5.0,21.653846153846153,5.576155873790514
20.0,6.0,27.557692307692307,6.229006975712026
20.0,7.0,33.76923076923077,10.978794863352888
21.0,1.0,34.40384615384615,7.276768339452849
21.0,2.0,34.75,9.00734993997549
21.0,3.0,36.53846153846154,7.357699817628798
21.0,4.0,34.36538461538461,7.286917759753141
21.0,5.0,37.88461538461539,8.159329668145793
21.0,6.0,38.55769230769231,7.394787410375335
21.0,7.0,38.23076923076923,7.064452255567415
22.0,1.0,53.30769230769231,8.045309098580635
22.0,2.0,48.80769230769231,12.414473623736507
22.0,3.0,51.44230769230769,8.206677007858431
22.0,4.0,52.76923076923077,9.095604162613734
22.0,5.0,55.69230769230769,10.102491367234013
22.0,6.0,55.94230769230769,10.811057269111942
22.0,7.0,54.34615384615385,9.83767192168007
23.0,1.0,5.346153846153846,2.558221007060436
23.0,2.0,6.5576923076923075,3.164840308448261
23.0,3.0,8.346153846153847,3.910190885389228
23.0,4.0,8.450980392156863,3.054922097142224
23.0,5.0,8.326923076923077,3.623026325970141
23.0,6.0,8.211538461538462,3.4660059992341323
23.0,7.0,5.865384615384615,3.0807997825484907
24.0,1.0,952.9038461538462,148.7199314958581
24.0,2.0,828.6346153846154,172.61836278460476
24.0,3.0,886.0769230769231,107.46907373730711
24.0,4.0,897.2307692307693,118.64820555638263
24.0,5.0,942.9038461538462,143.88601965300072
24.0,6.0,996.2884615384615,143.12031638552438
24.0,7.0,1049.076923076923,183.4458670117161
25.0,1.0,553.1346153846154,73.0151821027396
25.0,2.0,465.5576923076923,74.91417663724806
25.0,3.0,505.53846153846155,63.38041434920511
25.0,4.0,521.6538461538462,75.55413190330586
25.0,5.0,559.0384615384615,100.86546301365632
25.0,6.0,573.1153846153846,89.10550121573863
25.0,7.0,563.5384615384615,84.67040169431658
26.0,1.0,59.36538461538461,13.222127689350312
26.0,2.0,73.40384615384616,21.16717734327725
26.0,3.0,74.23076923076923,16.148350713593963
26.0,4.0,77.78846153846153,18.114382259562444
26.0,5.0,80.36538461538461,17.988044881884743
26.0,6.0,57.57692307692308,9.025771715082891
26.0,7.0,35.13461538461539,7.071147800867937
27.0,1.0,3.16,1.86656948240698
27.0,2.0,2.6666666666666665,1.365150674334655
27.0,3.0,2.6444444444444444,1.4640472476782787
27.0,4.0,3.3333333333333335,3.3979551631503524
27.0,5.0,3.375,1.9309902651891642
27.0,6.0,3.5625,1.9340867326368023
27.0,7.0,4.020408163265306,2.402167388685748
28.0,1.0,65.84615384615384,12.62022127052627
28.0,2.0,74.03846153846153,16.065993239236644
28.0,3.0,67.57692307692308,10.481255264305677
28.0,4.0,67.59615384615384,15.235741795340935
28.0,5.0,68.78846153846153,11.995647149191385
28.0,6.0,70.82692307692308,12.772091440272131
28.0,7.0,72.25,15.839730389862368
29.0,1.0,29.28846153846154,6.1047604004998695
29.0,2.0,30.096153846153847,6.322259509795575
29.0,3.0,27.115384615384617,5.72457326486933
29.0,4.0,27.98076923076923,6.257514336475112
29.0,5.0,27.153846153846153,5.978342006972993
29.0,6.0,28.53846153846154,6.631657700849524
29.0,7.0,29.21153846153846,6.37807684599313
30.0,1.0,1.9285714285714286,0.978607151860213
30.0,2.0,1.5757575757575757,0.7512615652314042
30.0,3.0,1.72,1.173314393786536
30.0,4.0,1.2647058823529411,0.5672273623252054
30.0,5.0,1.375,0.6599120175960896
30.0,6.0,1.6764705882352942,0.8780345901688478
30.0,7.0,1.7142857142857142,0.8967902788460657
31.0,1.0,17.653846153846153,7.948078113692484
31.0,2.0,9.803921568627452,5.1108496665158825
31.0,3.0,9.634615384615385,4.044016864231657
31.0,4.0,10.307692307692308,4.118530394370234
31.0,5.0,10.192307692307692,4.214998716248782
31.0,6.0,12.51923076923077,4.394695486184405
31.0,7.0,21.96153846153846,9.70538871636508
32.0,1.0,28.076923076923077,5.305735534550726
32.0,2.0,23.96153846153846,7.491070601936521
32.0,3.0,22.98076923076923,6.082731534935068
32.0,4.0,24.76923076923077,6.95536296008236
32.0,5.0,25.25,6.626965117357013
32.0,6.0,27.25,5.544384192895671
32.0,7.0,29.173076923076923,4.755682478583286
33.0,1.0,738.4615384615385,117.41487722458835
33.0,2.0,772.1730769230769,118.18409055763446
33.0,3.0,836.4038461538462,110.83696905999929
33.0,4.0,862.3653846153846,139.35327217024735
33.0,5.0,891.5576923076923,173.52667348352074
33.0,6.0,840.9230769230769,136.46774324802786
33.0,7.0,769.75,138.6668846623475
34.0,1.0,17.865384615384617,9.11587463918881
34.0,2.0,34.30769230769231,10.340361547019373
34.0,3.0,35.30769230769231,10.092782242457487
34.0,4.0,37.46153846153846,11.272840062598378
34.0,5.0,37.76923076923077,10.237599643251599
34.0,6.0,39.19230769230769,10.312829363084434
34.0,7.0,27.653846153846153,14.179361714919818
35.0,1.0,53.5,12.15504413974773
35.0,2.0,45.51923076923077,14.954165770997918
35.0,3.0,44.03846153846154,10.536512684352035
35.0,4.0,44.42307692307692,12.06086875199255
35.0,5.0,44.25,12.14919508348066
35.0,6.0,48.98076923076923,11.423214040038157
35.0,7.0,49.80769230769231,9.741841154522058
36.0,1.0,307.09615384615387,42.68133614948433
36.0,2.0,177.51923076923077,82.256292538272
36.0,3.0,162.59615384615384,27.823152733906678
36.0,4.0,174.46153846153845,23.304010879608754
36.0,5.0,194.1153846153846,31.172923045837706
36.0,6.0,230.90384615384616,31.96889395952689
36.0,7.0,311.09615384615387,47.3208736495456
37.0,1.0,466.65384615384613,63.39291870374631
37.0,2.0,283.5769230769231,111.78206144518514
37.0,3.0,266.36538461538464,32.18636226005426
37.0,4.0,282.8269230769231,32.35811935799303
37.0,5.0,307.38461538461536,39.28136506061929
37.0,6.0,368.0576923076923,44.84632297932813
37.0,7.0,479.15384615384613,58.231244431613334
38.0,1.0,23.0,7.04049909104322
38.0,2.0,25.942307692307693,8.696209364730924
38.0,3.0,24.096153846153847,6.806166798255184
38.0,4.0,25.46153846153846,12.397756815541886
38.0,5.0,26.115384615384617,12.603538012693328
38.0,6.0,21.21153846153846,10.810917754046887
38.0,7.0,14.23076923076923,4.291420463291867
39.0,1.0,61.67307692307692,10.593599906281103
39.0,2.0,71.1923076923077,16.77070094708061
39.0,3.0,69.26923076923077,12.89948377841621
39.0,4.0,62.92307692307692,14.878390902147453
39.0,5.0,64.46153846153847,14.524437201423662
39.0,6.0,68.57692307692308,12.09009666651725
39.0,7.0,59.32692307692308,11.222738042493793
40.0,1.0,300.75,51.28347782706645
40.0,2.0,272.4230769230769,53.78874660126544
40.0,3.0,297.15384615384613,39.01100127157929
40.0,4.0,321.34615384615387,55.70788116714484
40.0,5.0,349.21153846153845,81.53655177905244
40.0,6.0,336.36538461538464,62.844042519886706
40.0,7.0,323.63461538461536,57.54589944545506
41.0,1.0,2074.9423076923076,282.73741808739607
41.0,2.0,1574.4038461538462,343.6245248851777
41.0,3.0,1626.2115384615386,164.26011611650083
41.0,4.0,1699.8076923076924,207.4956213534267
41.0,5.0,1770.326923076923,252.33720989229724
41.0,6.0,1996.0576923076924,230.0418046800462
41.0,7.0,2177.596153846154,337.5971180305958
42.0,1.0,1416.2115384615386,192.6539452213513
42.0,2.0,1072.826923076923,275.69475313831043
42.0,3.0,1094.5576923076924,104.50038248575063
42.0,4.0,1139.9807692307693,125.14328891387261
42.0,5.0,1206.076923076923,171.15602859286096
42.0,6.0,1331.1923076923076,145.24003640512595
42.0,7.0,1452.5576923076924,220.58899884231857
43.0,1.0,3035.673076923077,434.20171155784107
43.0,2.0,3352.2115384615386,480.9656681946232
43.0,3.0,3611.3653846153848,452.0923482290982
43.0,4.0,3649.4423076923076,472.0380266113305
43.0,5.0,3667.5576923076924,519.2058193826844
43.0,6.0,3641.903846153846,418.48279930990043
43.0,7.0,3619.423076923077,556.1207848122123
44.0,1.0,1.542857142857143,0.8520859229960716
44.0,2.0,1.8205128205128205,1.2538738892306782
44.0,3.0,2.0,0.9999999999999999
44.0,4.0,2.051282051282051,1.3945140249283967
44.0,5.0,2.1956521739130435,1.1665631424048126
44.0,6.0,2.2142857142857144,1.2402933226186474
44.0,7.0,1.8611111111111112,0.9607371508460952
45.0,1.0,821.4423076923077,72.49351924017094
45.0,2.0,700.4423076923077,143.75515860637034
45.0,3.0,726.5384615384615,56.65321462193026
45.0,4.0,737.6153846153846,73.25329514000565
45.0,5.0,774.9807692307693,95.88319904039606
45.0,6.0,860.5192307692307,84.20737483063627
45.0,7.0,960.0576923076923,98.74117750840632
46.0,1.0,5.313725490196078,2.469738415933407
46.0,2.0,4.12,1.82544375371009
46.0,3.0,4.153846153846154,2.0232435169322662
46.0,4.0,4.408163265306122,1.836191340643938
46.0,5.0,4.365384615384615,1.7604460904571122
46.0,6.0,4.980769230769231,2.128152882384016
46.0,7.0,5.269230769230769,2.4343568995381117
47.0,1.0,32.19230769230769,7.222075258589044
47.0,2.0,25.326923076923077,9.262450346713843
47.0,3.0,23.75,5.639061943962235
47.0,4.0,25.346153846153847,5.0522160363377235
47.0,5.0,27.115384615384617,6.930053464847225
47.0,6.0,31.23076923076923,7.699287934010483
47.0,7.0,34.32692307692308,7.490441369875039
48.0,1.0,7995.442307692308,725.0420248391163
48.0,2.0,6815.0192307692305,1135.0654898681366
48.0,3.0,7116.538461538462,564.2134021782774
48.0,4.0,7496.173076923077,531.2507151978152
48.0,5.0,7538.576923076923,785.9254154642791
48.0,6.0,7920.115384615385,612.95605362884
48.0,7.0,9209.211538461539,839.3008373345808
49.0,1.0,501.84615384615387,69.03831974172158
49.0,2.0,417.3076923076923,81.83832422659445
49.0,3.0,445.21153846153845,67.79043154716919
49.0,4.0,461.71153846153845,74.71654580609686
49.0,5.0,490.11538461538464,89.954815203415
49.0,6.0,508.86538461538464,79.68837070325485
49.0,7.0,507.84615384615387,74.33163225400405
50.0,1.0,3204.519230769231,561.1922004959048
50.0,2.0,2968.980769230769,470.21694994447284
50.0,3.0,3089.25,379.12711278284866
50.0,4.0,3216.8076923076924,356.82346041208154
50.0,5.0,3372.519230769231,526.6092605988014
50.0,6.0,3521.596153846154,497.3456311737967
50.0,7.0,3706.7115384615386,632.8754899240499
51.0,1.0,36.46153846153846,8.287627297011973
51.0,2.0,38.44230769230769,11.669322042135821
51.0,3.0,38.32692307692308,12.022399280699135
51.0,4.0,38.48076923076923,11.968079087461803
51.0,5.0,39.84615384615385,13.913436326344394
51.0,6.0,40.59615384615385,12.708279862904599
51.0,7.0,38.03846153846154,9.53417287910639
52.0,1.0,208.67307692307693,35.58184222646799
52.0,2.0,213.21153846153845,37.67213384154079
52.0,3.0,233.96153846153845,34.29283440756062
52.0,4.0,249.46153846153845,46.23404294454997
52.0,5.0,251.84615384615384,55.26349879117801
52.0,6.0,245.0,43.45428068446102
52.0,7.0,219.3846153846154,43.152785494422055
53.0,1.0,28.48076923076923,7.190654023038147
53.0,2.0,32.46153846153846,7.206918077442137
53.0,3.0,28.78846153846154,6.820777192394986
53.0,4.0,27.846153846153847,6.359752786490922
53.0,5.0,27.21153846153846,5.0733310342225275
53.0,6.0,27.192307692307693,5.324889620649101
53.0,7.0,25.75,5.76287986285724
54.0,1.0,71.25,14.691434078881391
54.0,2.0,68.38461538461539,13.808428580007591
54.0,3.0,75.5,14.063581113126567
54.0,4.0,80.3076923076923,15.849214072849117
54.0,5.0,84.84615384615384,19.583290812187073
54.0,6.0,83.78846153846153,18.250260850632756
54.0,7.0,72.71153846153847,14.754642391346898
55.0,1.0,36.90384615384615,8.258708096721161
55.0,2.0,31.51923076923077,10.492743308676706
55.0,3.0,32.51923076923077,9.665971005290316
55.0,4.0,33.59615384615385,10.940587530168527
55.0,5.0,34.82692307692308,7.858356745469426
55.0,6.0,35.28846153846154,9.649416396985533
55.0,7.0,35.78846153846154,10.77822157555805
56.0,1.0,94.28846153846153,13.934491750036129
56.0,2.0,76.73076923076923,23.476409005400264
56.0,3.0,66.3076923076923,9.726733852269266
56.0,4.0,67.13461538461539,8.469157066544337
56.0,5.0,67.40384615384616,10.879481705115627
56.0,6.0,76.07692307692308,8.795823772512959
56.0,7.0,90.03846153846153,11.002604929460379
57.0,1.0,14.673076923076923,6.26450052418357
57.0,2.0,13.057692307692308,7.466036724665725
57.0,3.0,13.73076923076923,6.0362154895180336
57.0,4.0,13.211538461538462,5.815248847242432
57.0,5.0,12.596153846153847,5.214082046123786
57.0,6.0,13.596153846153847,5.535127096631772
57.0,7.0,14.807692307692308,5.056692174396848
58.0,1.0,6.615384615384615,2.6873257072810457
58.0,2.0,6.269230769230769,2.7732290559349306
58.0,3.0,5.596153846153846,2.394926134884653
58.0,4.0,5.4,2.6954231805876008
58.0,5.0,6.288461538461538,2.837677443438826
58.0,6.0,6.03921568627451,2.190532212168773
58.0,7.0,6.4423076923076925,2.371509501400698
59.0,1.0,2.769230769230769,1.9929023857249857
59.0,2.0,1.9714285714285715,1.562157525492798
59.0,3.0,1.878787878787879,0.96038975673863
59.0,4.0,1.8918918918918919,1.0215397904847092
59.0,5.0,1.95,1.5350603429214944
59.0,6.0,2.511627906976744,2.7634699807381216
59.0,7.0,2.7058823529411766,1.8470962903655976
60.0,1.0,26.134615384615383,5.807462562754743
60.0,2.0,17.115384615384617,7.0451035594159945
60.0,3.0,16.326923076923077,4.222819213702366
60.0,4.0,15.346153846153847,3.9501035746391606
60.0,5.0,17.76923076923077,5.000452468215034
60.0,6.0,21.692307692307693,5.08569104386662
60.0,7.0,24.75,4.9818297292240326
61.0,1.0,528.0384615384615,61.88888257047484
61.0,2.0,387.5192307692308,109.82900977260961
61.0,3.0,382.8269230769231,43.991853592497904
61.0,4.0,410.38461538461536,48.262011141859944
61.0,5.0,432.2692307692308,62.94040610740695
61.0,6.0,463.09615384615387,63.31751906235085
61.0,7.0,521.1346153846154,76.85535914470071
62.0,1.0,134.1153846153846,21.185135230890815
62.0,2.0,109.28846153846153,31.45325603548519
62.0,3.0,110.98076923076923,16.935275152613286
62.0,4.0,117.84615384615384,20.421427246874714
62.0,5.0,124.23076923076923,23.065648326678687
62.0,6.0,119.84615384615384,16.94904082587105
62.0,7.0,117.1923076923077,17.97060613241006
63.0,1.0,31.826923076923077,6.611698348593222
63.0,2.0,30.903846153846153,7.319754671193256
63.0,3.0,28.365384615384617,4.502848101550952
63.0,4.0,28.346153846153847,6.956121906340288
63.0,5.0,27.692307692307693,6.001759420266959
63.0,6.0,30.28846153846154,7.6705102176121045
63.0,7.0,31.653846153846153,5.80021843870139
64.0,1.0,22.307692307692307,5.497016879193272
64.0,2.0,23.615384615384617,6.724709618787533
64.0,3.0,23.673076923076923,4.788553155943887
64.0,4.0,23.865384615384617,6.570966581101653
64.0,5.0,24.096153846153847,5.580988792090153
64.0,6.0,23.692307692307693,6.0180723300850865
64.0,7.0,22.23076923076923,4.587345700200971
65.0,1.0,516.6538461538462,78.76295651034425
65.0,2.0,507.65384615384613,90.32878606933772
65.0,3.0,514.9230769230769,63.984019498084216
65.0,4.0,538.6153846153846,86.13831873650153
65.0,5.0,559.3653846153846,94.39259460114148
65.0,6.0,567.6153846153846,83.33776157163534
65.0,7.0,533.1730769230769,66.73645009092908
66.0,1.0,412.9423076923077,66.18346854234541
66.0,2.0,397.36538461538464,53.35086556666081
66.0,3.0,415.0192307692308,48.32183381170559
66.0,4.0,435.84615384615387,66.90361361188803
66.0,5.0,455.5192307692308,85.74345922224435
66.0,6.0,457.1923076923077,71.60458920048447
66.0,7.0,450.8076923076923,72.62259100295101
67.0,1.0,45.34615384615385,9.459686632841152
67.0,2.0,36.51923076923077,8.657967847007692
67.0,3.0,41.53846153846154,7.830211823097132
67.0,4.0,44.65384615384615,7.970250113881499
67.0,5.0,45.94230769230769,9.487687504232992
67.0,6.0,49.13461538461539,10.128640901712192
67.0,7.0,48.13461538461539,8.05624552791393
68.0,1.0,6209.0192307692305,664.4159012388282
68.0,2.0,5577.173076923077,792.6676657216082
68.0,3.0,5957.365384615385,605.0256850436966
68.0,4.0,6143.076923076923,661.6155463875675
68.0,5.0,6426.442307692308,855.4033199278512
68.0,6.0,6539.076923076923,729.5037756397836
68.0,7.0,7112.403846153846,891.2125967096384
69.0,1.0,129.17307692307693,18.842714464379167
69.0,2.0,115.73076923076923,32.03559012552757
69.0,3.0,116.51923076923077,17.3425583120959
69.0,4.0,116.28846153846153,14.942158463472111
69.0,5.0,121.25,17.50504129067496
69.0,6.0,131.98076923076923,16.922534442148464
69.0,7.0,133.48076923076923,19.756845807451825
70.0,1.0,122.78846153846153,24.350654489301004
70.0,2.0,122.13461538461539,29.726880188333315
70.0,3.0,115.48076923076923,22.595757353473992
70.0,4.0,114.75,26.758084722924693
70.0,5.0,116.5576923076923,22.978603399205507
70.0,6.0,123.53846153846153,28.506938638301794
70.0,7.0,115.1923076923077,25.711093555604315
71.0,1.0,53.78846153846154,8.854679805022432
71.0,2.0,51.78846153846154,11.819453121719757
71.0,3.0,52.42307692307692,10.02809026028768
71.0,4.0,50.61538461538461,10.629507295230882
71.0,5.0,51.46153846153846,8.958425847500127
71.0,6.0,55.32692307692308,10.253112686334463
71.0,7.0,55.03846153846154,11.840378800348685
72.0,1.0,50.25,8.436324355277657
72.0,2.0,53.96153846153846,15.291881145211535
72.0,3.0,49.84615384615385,9.588360213493775
72.0,4.0,50.76923076923077,11.238266883017891
72.0,5.0,49.25,10.034987812257512
72.0,6.0,52.75,10.126406946546185
72.0,7.0,48.71153846153846,8.66214785315191
73.0,1.0,16.615384615384617,4.49467591867048
73.0,2.0,16.942307692307693,5.431980325480778
73.0,3.0,15.75,3.8900325115834793
73.0,4.0,15.576923076923077,5.225676253624243
73.0,5.0,14.307692307692308,4.245128518521342
73.0,6.0,15.615384615384615,4.388728192003701
73.0,7.0,18.153846153846153,3.5994804384588153
74.0,1.0,2179.8653846153848,262.64447220202544
74.0,2.0,1971.4423076923076,388.5836227898089
74.0,3.0,2040.2115384615386,215.42073166006855
74.0,4.0,2092.269230769231,222.86557237136532
74.0,5.0,2223.3653846153848,273.1170135528104
74.0,6.0,2579.0384615384614,259.4126065797278
74.0,7.0,2554.769230769231,297.8907955837413
75.0,1.0,2770.1153846153848,359.61279033755034
75.0,2.0,3251.2884615384614,562.5469509481997
75.0,3.0,3470.230769230769,379.59873630363705
75.0,4.0,3604.25,441.45329844263506
75.0,5.0,3672.2115384615386,488.31640885635926
75.0,6.0,3791.3076923076924,471.9175542177721
75.0,7.0,3135.1153846153848,445.44913020659266
76.0,1.0,87.11538461538461,15.411548822362807
76.0,2.0,85.5,21.804388836860795
76.0,3.0,82.63461538461539,17.810581615888612
76.0,4.0,83.17307692307692,18.610266146221083
76.0,5.0,80.65384615384616,15.87065934529182
76.0,6.0,87.01923076923077,16.018972066376435
76.0,7.0,82.53846153846153,13.563881592716623
77.0,1.0,25.384615384615383,6.075194973564018
77.0,2.0,22.634615384615383,8.097515586443773
77.0,3.0,22.634615384615383,6.483852782720623
77.0,4.0,21.576923076923077,6.0369650661282686
77.0,5.0,22.673076923076923,6.626509902215712
77.0,6.0,23.73076923076923,5.75007377485625
77.0,7.0,23.346153846153847,6.084002215339786
78.0,1.0,31.442307692307693,6.722550465873364
78.0,2.0,28.923076923076923,10.114726506816302
78.0,3.0,27.51923076923077,6.1532404490750015
78.0,4.0,27.923076923076923,5.305735534550725
78.0,5.0,29.23076923076923,7.304619501613237
78.0,6.0,31.826923076923077,7.286089765601175
78.0,7.0,34.23076923076923,8.030860537035192
79.0,1.0,7581.596153846154,972.6904321764773
79.0,2.0,4851.557692307692,1105.0818870104115
79.0,3.0,5094.5192307692305,489.82203612527127
79.0,4.0,5444.961538461538,499.72776751843526
79.0,5.0,5893.942307692308,833.9136743177786
79.0,6.0,7193.961538461538,910.5659296378237
79.0,7.0,9302.211538461539,1520.849831270668
80.0,1.0,597.1538461538462,102.38669196140384
80.0,2.0,361.4423076923077,124.38104222572814
80.0,3.0,362.9423076923077,45.08137020619686
80.0,4.0,391.5,43.28768334540167
80.0,5.0,424.6730769230769,65.06549374761879
80.0,6.0,477.75,68.78066161185647
80.0,7.0,605.0,107.55263189457979
81.0,1.0,20.865384615384617,5.89459322268595
81.0,2.0,18.826923076923077,5.52257809164167
81.0,3.0,19.03846153846154,5.19789376069878
81.0,4.0,18.346153846153847,4.793314851956306
81.0,5.0,18.0,5.441308954401955
81.0,6.0,20.096153846153847,4.979407065200164
81.0,7.0,19.807692307692307,5.152720437154444
82.0,1.0,303.71153846153845,33.161716965448754
82.0,2.0,222.84615384615384,85.80652761297056
82.0,3.0,196.44230769230768,23.02633910567095
82.0,4.0,199.07692307692307,21.49495714124061
82.0,5.0,200.80769230769232,31.104528679503535
82.0,6.0,229.07692307692307,27.471087227923164
82.0,7.0,298.3269230769231,30.54069683055591
83.0,1.0,136.65384615384616,16.57411709461664
83.0,2.0,105.5576923076923,33.92460698779012
83.0,3.0,92.53846153846153,13.497220539526253
83.0,4.0,88.38461538461539,10.857641830696029
83.0,5.0,93.11538461538461,12.391733243995647
83.0,6.0,108.40384615384616,12.50452406819011
83.0,7.0,134.67307692307693,14.843921518021528
84.0,1.0,2.58,1.4440589054636863
84.0,2.0,1.9318181818181819,1.1890533125671237
84.0,3.0,2.1777777777777776,1.2665071669913297
84.0,4.0,2.4782608695652173,1.5879984667608413
84.0,5.0,2.891304347826087,1.8040480514611232
84.0,6.0,2.893617021276596,1.6841207556775666
84.0,7.0,2.369565217391304,1.40410027581404
85.0,1.0,51.26923076923077,8.672958616376976
85.0,2.0,40.21153846153846,12.675956147502
85.0,3.0,39.63461538461539,7.232900988670833
85.0,4.0,38.69230769230769,8.846265328171558
85.0,5.0,41.69230769230769,7.998868698290321
85.0,6.0,44.75,8.556330072742956
85.0,7.0,53.40384615384615,10.805335674318075
86.0,1.0,19.903846153846153,5.736910473398451
86.0,2.0,20.53846153846154,7.98150199256476
86.0,3.0,20.28846153846154,5.678775546222448
86.0,4.0,18.942307692307693,6.347497458203545
86.0,5.0,18.115384615384617,6.245481020906538
86.0,6.0,18.096153846153847,5.042018018745814
86.0,7.0,12.923076923076923,4.01392748767585
87.0,1.0,2222.596153846154,292.17811245314346
87.0,2.0,2119.6153846153848,305.0645160853011
87.0,3.0,2274.1153846153848,287.72076971831586
87.0,4.0,2371.4615384615386,326.6078455368367
87.0,5.0,2438.6923076923076,412.5437368832898
87.0,6.0,2362.153846153846,315.88545855435245
87.0,7.0,2379.846153846154,323.0252454539788
88.0,1.0,827.3461538461538,186.29703086846885
88.0,2.0,1166.3461538461538,195.47878723643356
88.0,3.0,1246.7115384615386,147.5835870223076
88.0,4.0,1257.2115384615386,189.68853072282153
88.0,5.0,1313.9615384615386,218.13648916095883
88.0,6.0,1218.8461538461538,158.36596789979413
88.0,7.0,1023.1538461538462,185.8392078152176
89.0,1.0,261.0576923076923,34.878170858192576
89.0,2.0,215.23076923076923,48.46369790970305
89.0,3.0,214.05769230769232,24.004422355252615
89.0,4.0,224.28846153846155,30.890912769038955
89.0,5.0,232.55769230769232,32.152463670150254
89.0,6.0,248.78846153846155,33.15107222615264
89.0,7.0,262.4423076923077,40.36617369634954
90.0,1.0,4086.3076923076924,607.8727465663349
90.0,2.0,3663.9615384615386,485.8850812869176
90.0,3.0,4013.0384615384614,490.80398074110235
90.0,4.0,4113.865384615385,519.6822946817906
90.0,5.0,4251.2307692307695,689.2623398622167
90.0,6.0,4326.576923076923,578.5336550670573
90.0,7.0,4748.5,798.0082927477117
91.0,1.0,55.84615384615385,8.251879442212449
91.0,2.0,58.73076923076923,11.604791749684459
91.0,3.0,55.30769230769231,10.958993909630218
91.0,4.0,55.26923076923077,14.150611965725188
91.0,5.0,55.76923076923077,11.866273486461758
91.0,6.0,59.05769230769231,11.701203996268614
91.0,7.0,51.90384615384615,8.62795187425699
92.0,1.0,120.76923076923077,18.210765383895044
92.0,2.0,114.92307692307692,23.231862969068466
92.0,3.0,119.07692307692308,19.32878190561296
92.0,4.0,111.65384615384616,21.46486834696029
92.0,5.0,116.53846153846153,20.47807200106603
92.0,6.0,123.61538461538461,20.81868866879915
92.0,7.0,131.3653846153846,18.555723017762354
93.0,1.0,57.44230769230769,67.04210367491739
93.0,2.0,47.42307692307692,71.10785681027681
93.0,3.0,41.76923076923077,54.323149070050036
93.0,4.0,43.86538461538461,64.3461926128558
93.0,5.0,41.65384615384615,59.359286441784555
93.0,6.0,48.40384615384615,62.83974626307175
93.0,7.0,62.82692307692308,73.68260527260605
94.0,1.0,25.557692307692307,7.5105506483029565
94.0,2.0,19.96153846153846,8.3618215917242
94.0,3.0,18.326923076923077,5.393246153514429
94.0,4.0,17.903846153846153,5.111538716893244
94.0,5.0,18.557692307692307,5.778301064983264
94.0,6.0,22.826923076923077,5.227083143594067
94.0,7.0,29.557692307692307,6.818123085811301
95.0,1.0,308.9423076923077,36.07096135943239
95.0,2.0,315.3269230769231,57.318074059377814
95.0,3.0,329.34615384615387,43.87856889697356
95.0,4.0,336.4230769230769,51.45694798789819
95.0,5.0,364.38461538461536,56.49784096036328
95.0,6.0,351.1923076923077,50.97713384412948
95.0,7.0,313.15384615384613,35.145849957438344
96.0,1.0,5.431372549019608,3.061077600850944
96.0,2.0,6.0588235294117645,6.207775011083704
96.0,3.0,4.211538461538462,2.320721139287278
96.0,4.0,3.9423076923076925,2.0331899165602834
96.0,5.0,4.823529411764706,2.036721702667708
96.0,6.0,5.115384615384615,2.2635547798379654
96.0,7.0,5.294117647058823,2.1935735013630957
97.0,1.0,472.96153846153845,66.30498799397255
97.0,2.0,413.13461538461536,76.9764488674382
97.0,3.0,436.40384615384613,58.7631535931417
97.0,4.0,463.78846153846155,57.18780088564123
97.0,5.0,484.0192307692308,84.84368334365412
97.0,6.0,501.0576923076923,75.15850269865327
97.0,7.0,512.4230769230769,74.48393593195473
98.0,1.0,28.76923076923077,8.278522612856941
98.0,2.0,32.80769230769231,8.333815973957117
98.0,3.0,35.0,9.16729053135519
98.0,4.0,35.25,9.785693839558268
98.0,5.0,39.76923076923077,12.506649814908872
98.0,6.0,39.01923076923077,14.494746018533055
98.0,7.0,32.11538461538461,9.894846838977225
99.0,1.0,1.1111111111111112,0.3333333333333333
99.0,2.0,1.0,0.0
99.0,3.0,1.1666666666666667,0.408248290463863
99.0,4.0,1.0,0.0
99.0,5.0,1.0,0.0
99.0,6.0,1.25,0.5
99.0,7.0,1.4285714285714286,0.7867957924694432
100.0,1.0,3427.0384615384614,354.08827754618756
100.0,2.0,4250.038461538462,492.1664377152032
100.0,3.0,4626.2307692307695,532.1811064055948
100.0,4.0,4666.7692307692305,553.9176202424717
100.0,5.0,4727.153846153846,670.6671944199982
100.0,6.0,4690.75,460.8946915149563
100.0,7.0,4240.096153846154,344.33956448713747
101.0,1.0,18.307692307692307,4.960781332903198
101.0,2.0,20.923076923076923,5.8371566871247555
101.0,3.0,18.634615384615383,5.357892643069721
101.0,4.0,18.28846153846154,4.720985849443796
101.0,5.0,17.98076923076923,4.322718755123613
101.0,6.0,19.576923076923077,5.560174048080438
101.0,7.0,16.884615384615383,4.213209135768062
102.0,1.0,43.67307692307692,8.128191448856315
102.0,2.0,34.36538461538461,10.508687062175705
102.0,3.0,33.98076923076923,7.0835085596284
102.0,4.0,34.76923076923077,5.8498043694971225
102.0,5.0,35.07692307692308,6.480275211555157
102.0,6.0,36.82692307692308,6.491989494893685
102.0,7.0,41.76923076923077,7.727250949711612
104.0,5.0,1.0,
105.0,1.0,1.4,0.6992058987801011
105.0,2.0,1.5,0.7559289460184544
105.0,3.0,1.1111111111111112,0.3333333333333333
105.0,4.0,1.3076923076923077,0.8548504142651103
105.0,5.0,1.25,0.621581560508061
105.0,6.0,1.25,0.46291004988627577
105.0,7.0,1.5555555555555556,0.7264831572567789
106.0,1.0,148.15384615384616,27.208263317605947
106.0,2.0,112.86538461538461,28.175242119219156
106.0,3.0,117.88461538461539,17.56406072811567
106.0,4.0,127.15384615384616,22.02083204015174
106.0,5.0,142.51923076923077,30.74849933185988
106.0,6.0,153.21153846153845,28.472440433749156
106.0,7.0,177.21153846153845,37.38424567966709
107.0,1.0,5618.596153846154,723.1820278983107
107.0,2.0,5348.076923076923,782.7629758233069
107.0,3.0,5797.307692307692,670.7532943642193
107.0,4.0,6008.0,672.1043628111663
107.0,5.0,6188.365384615385,940.646878563273
107.0,6.0,6288.538461538462,841.2024414558672
107.0,7.0,6426.115384615385,997.9738228687272
108.0,1.0,16.865384615384617,4.694714784520351
108.0,2.0,17.423076923076923,5.464129566137267
108.0,3.0,19.134615384615383,4.99422743698239
108.0,4.0,19.923076923076923,5.302038652850407
108.0,5.0,20.21153846153846,6.030434375996276
108.0,6.0,21.096153846153847,5.14975581139958
108.0,7.0,18.26923076923077,4.640467288063101
109.0,1.0,3.020408163265306,1.930994949915364
109.0,2.0,2.2857142857142856,1.1365151414154882
109.0,3.0,3.1020408163265305,1.9498386467344728
109.0,4.0,3.38,1.6399352899130013
109.0,5.0,3.08,1.651715249462244
109.0,6.0,3.36,2.0874747951551806
109.0,7.0,3.2916666666666665,1.5568425948849893
110.0,1.0,1.0,0.0
110.0,2.0,1.0,
110.0,3.0,1.0,0.0
110.0,4.0,1.0,
111.0,1.0,3.6875,1.9258184223193735
111.0,2.0,2.78,1.6572660052764305
111.0,3.0,3.5576923076923075,1.954516755263647
111.0,4.0,4.06,2.1703944906163852
111.0,5.0,3.857142857142857,2.3094010767585034
111.0,6.0,3.8653846153846154,1.9304459116478472
111.0,7.0,3.6666666666666665,2.4711670657134186
112.0,1.0,683.8846153846154,101.13564059167463
112.0,2.0,529.9230769230769,125.0281295649254
112.0,3.0,558.8653846153846,66.2378450103404
112.0,4.0,598.2307692307693,73.80727829156449
112.0,5.0,643.4038461538462,107.61956590373887
112.0,6.0,683.2115384615385,100.10785096603416
112.0,7.0,747.5769230769231,112.89407601017001
113.0,1.0,3386.7115384615386,493.5410401330633
113.0,2.0,3606.230769230769,474.6946847612401
113.0,3.0,3935.019230769231,519.2587284523067
113.0,4.0,3993.25,602.1920374764182
113.0,5.0,3987.096153846154,716.6157736498274
113.0,6.0,3973.5576923076924,620.390149650045
113.0,7.0,3968.0,668.7606623668979
114.0,1.0,3047.596153846154,424.739701585058
114.0,2.0,2364.1153846153848,337.8317630875309
114.0,3.0,2558.769230769231,300.83991022420946
114.0,4.0,2669.3653846153848,345.0013940776695
114.0,5.0,2825.846153846154,475.639935682749
114.0,6.0,3257.923076923077,442.15824716434383
114.0,7.0,4020.6923076923076,650.4761917380987
115.0,1.0,3.980769230769231,1.8837840996081934
115.0,2.0,3.7115384615384617,1.7749514045989494
115.0,3.0,4.519230769230769,1.809456473644802
115.0,4.0,4.923076923076923,2.3997234632034523
115.0,5.0,4.803921568627451,2.2001782458986114
115.0,6.0,4.961538461538462,2.488889337786356
115.0,7.0,4.745098039215686,2.398692454275053
116.0,1.0,938.3269230769231,130.76197821694828
116.0,2.0,697.9423076923077,218.0673050860933
116.0,3.0,676.3653846153846,90.9434275446811
116.0,4.0,697.5576923076923,92.08913275213712
116.0,5.0,729.8461538461538,120.88389902605132
116.0,6.0,815.6730769230769,98.45427348174124
116.0,7.0,964.1730769230769,152.35378347571978
117.0,1.0,16.365384615384617,4.986369051700714
117.0,2.0,16.673076923076923,6.060871463405869
117.0,3.0,16.326923076923077,4.621862598165349
117.0,4.0,14.365384615384615,4.740434521962472
117.0,5.0,17.0,4.986255619003023
117.0,6.0,19.346153846153847,5.43368078541867
117.0,7.0,15.423076923076923,4.956066410821855
118.0,1.0,5.269230769230769,2.3937449912127775
118.0,2.0,4.84,2.6291924732176772
118.0,3.0,5.519230769230769,3.738985836153469
118.0,4.0,5.596153846153846,2.5990919634924037
118.0,5.0,6.173076923076923,2.8541071461684746
118.0,6.0,5.173076923076923,2.374052164599869
118.0,7.0,5.96078431372549,2.1350483302607035
119.0,1.0,76.65384615384616,20.732549586773555
119.0,2.0,53.63461538461539,21.32845732832155
119.0,3.0,50.38461538461539,11.135799620256453
119.0,4.0,54.15384615384615,14.077355778034361
119.0,5.0,54.26923076923077,11.509783365562184
119.0,6.0,60.61538461538461,10.449043198816776
119.0,7.0,79.59615384615384,17.893212225326486
120.0,1.0,12.942307692307692,4.113170913333485
120.0,2.0,11.0,4.752708206288037
120.0,3.0,9.326923076923077,5.903542153212014
120.0,4.0,10.75,3.8698178505038747
120.0,5.0,11.384615384615385,3.8099654990658904
120.0,6.0,12.51923076923077,4.1373022593130715
120.0,7.0,13.75,5.40107106298843
121.0,1.0,43.88461538461539,8.868657846936772
121.0,2.0,47.26923076923077,10.415138651125675
121.0,3.0,48.73076923076923,10.616515776836536
121.0,4.0,44.57692307692308,8.859128788765155
121.0,5.0,45.26923076923077,8.758447764291285
121.0,6.0,45.57692307692308,6.2224960436769
121.0,7.0,41.23076923076923,7.780355817800604
122.0,1.0,15.096153846153847,4.19738301001112
122.0,2.0,14.115384615384615,4.771869556563413
122.0,3.0,14.26923076923077,4.610794600463366
122.0,4.0,13.057692307692308,4.675398531984288
122.0,5.0,13.057692307692308,3.8113013656161474
122.0,6.0,14.75,4.22353350810878
122.0,7.0,12.615384615384615,3.663031243162707
123.0,1.0,40.46153846153846,13.001450203367645
123.0,2.0,43.69230769230769,12.158332028176838
123.0,3.0,45.21153846153846,9.622963830382231
123.0,4.0,46.80769230769231,12.250711802510699
123.0,5.0,48.0,9.759861779799156
123.0,6.0,39.63461538461539,8.42039737815462
123.0,7.0,26.98076923076923,5.846032288170225
124.0,1.0,28.423076923076923,6.999569045126725
124.0,2.0,32.53846153846154,6.921015278749771
124.0,3.0,30.78846153846154,6.405685398914327
124.0,4.0,29.596153846153847,6.814803998978601
124.0,5.0,30.71153846153846,6.181365222837067
124.0,6.0,31.78846153846154,8.488369294098927
124.0,7.0,27.51923076923077,5.778562086612779
125.0,1.0,1109.9038461538462,137.86072250081406
125.0,2.0,1406.8653846153845,222.37444387358113
125.0,3.0,1554.7115384615386,223.4799930983393
125.0,4.0,1581.1346153846155,268.6119023282442
125.0,5.0,1628.5576923076924,298.6595815070105
125.0,6.0,1544.2307692307693,244.39766817864978
125.0,7.0,1361.173076923077,190.44681426806991
126.0,1.0,36.61538461538461,8.731627986816138
126.0,2.0,33.63461538461539,11.739039687740513
126.0,3.0,37.46153846153846,10.933778455420484
126.0,4.0,33.30769230769231,6.772315216649708
126.0,5.0,34.23076923076923,6.92994464119412
126.0,6.0,39.26923076923077,6.857414434757103
126.0,7.0,40.46153846153846,9.812879768520189
127.0,1.0,231.3846153846154,37.20433974588988
127.0,2.0,181.6153846153846,51.916657890467455
127.0,3.0,184.09615384615384,27.15334783489015
127.0,4.0,191.8653846153846,30.003286647517335
127.0,5.0,202.98076923076923,37.88501198006957
127.0,6.0,215.3653846153846,29.94768565882443
127.0,7.0,239.69230769230768,47.456704091177535
128.0,1.0,16.21153846153846,4.803334374800359
128.0,2.0,15.903846153846153,5.262742203954041
128.0,3.0,16.75,4.878423885625678
128.0,4.0,18.326923076923077,4.865731123532807
128.0,5.0,17.096153846153847,4.9794070652001645
128.0,6.0,18.03846153846154,6.097127380382449
128.0,7.0,17.78846153846154,6.059627046251954
129.0,1.0,572.4807692307693,60.495823996085115
129.0,2.0,460.46153846153845,121.92338667046029
129.0,3.0,419.0576923076923,40.61556422500165
129.0,4.0,421.53846153846155,38.70271892889036
129.0,5.0,443.6730769230769,48.82851993430027
129.0,6.0,486.71153846153845,52.61265654725368
129.0,7.0,565.5961538461538,49.07467683526475
130.0,1.0,77.03846153846153,15.329020968778043
130.0,2.0,84.71153846153847,17.83402403477694
130.0,3.0,83.48076923076923,13.321794592373342
130.0,4.0,79.63461538461539,12.853669417572137
130.0,5.0,82.13461538461539,12.64450410901495
130.0,6.0,95.8076923076923,21.555253635158603
130.0,7.0,82.26923076923077,19.71872344495562
131.0,1.0,38.59615384615385,7.441957404815144
131.0,2.0,43.94230769230769,10.594881230840953
131.0,3.0,40.19230769230769,6.600767814929284
131.0,4.0,38.63461538461539,9.445465446246113
131.0,5.0,40.11538461538461,7.8382016898982245
131.0,6.0,40.78846153846154,8.393126362431738
131.0,7.0,34.61538461538461,7.03256806399061
132.0,1.0,2678.653846153846,452.4087551646442
132.0,2.0,2433.096153846154,391.2668844751339
132.0,3.0,2148.0384615384614,279.640733206332
132.0,4.0,2222.576923076923,348.9136275025863
132.0,5.0,2595.3846153846152,427.7790410877639
132.0,6.0,2816.3653846153848,454.8059715081335
132.0,7.0,2172.5,278.24213605151493
133.0,1.0,90.42307692307692,13.062963891897798
133.0,2.0,76.28846153846153,18.087300862447325
133.0,3.0,76.57692307692308,10.53164447961225
133.0,4.0,80.78846153846153,13.100421394901076
133.0,5.0,88.01923076923077,17.446265272134937
133.0,6.0,88.48076923076923,12.188857632160358
133.0,7.0,89.32692307692308,13.202378207993739
134.0,1.0,65.8076923076923,12.066869993203742
134.0,2.0,67.82692307692308,14.988519991092469
134.0,3.0,67.13461538461539,9.873769660071618
134.0,4.0,68.15384615384616,11.321304946928931
134.0,5.0,69.67307692307692,12.342690388775967
134.0,6.0,71.13461538461539,10.669782962957655
134.0,7.0,60.26923076923077,7.284459377077313
135.0,1.0,61.51923076923077,15.685000183909171
135.0,2.0,68.59615384615384,14.468708108494294
135.0,3.0,69.36538461538461,15.750541660345158
135.0,4.0,66.57692307692308,16.90265805044986
135.0,5.0,71.11538461538461,12.520812236626533
135.0,6.0,59.69230769230769,9.223878775665636
135.0,7.0,43.15384615384615,7.647592509512618
136.0,1.0,40.57692307692308,6.780439438145508
136.0,2.0,34.73076923076923,13.110563596888362
136.0,3.0,36.34615384615385,6.552606472519955
136.0,4.0,35.25,6.071066062666005
136.0,5.0,37.40384615384615,6.93459532835364
136.0,6.0,39.11538461538461,7.661090502814053
136.0,7.0,44.75,9.372205465850483
137.0,1.0,3792.230769230769,497.75021751345406
137.0,2.0,3626.9615384615386,680.74805916751
137.0,3.0,3860.673076923077,433.9305411641969
137.0,4.0,3977.230769230769,414.7934811154429
137.0,5.0,4123.634615384615,561.6466696450523
137.0,6.0,4304.0192307692305,532.9277069166103
137.0,7.0,4309.9807692307695,656.7079062511202
138.0,1.0,2964.153846153846,568.0357067144321
138.0,2.0,3161.5384615384614,443.594518147959
138.0,3.0,3039.7884615384614,524.6720109553585
138.0,4.0,3361.326923076923,825.3583587978047
138.0,5.0,3913.0576923076924,931.8565153679966
138.0,6.0,3796.076923076923,848.693271139003
138.0,7.0,1730.7692307692307,229.09905515716662
139.0,1.0,23.923076923076923,5.992957153605156
139.0,2.0,30.903846153846153,8.151168845294197
139.0,3.0,26.826923076923077,5.275623386066701
139.0,4.0,25.71153846153846,7.688383237223107
139.0,5.0,24.03846153846154,7.22729450223395
139.0,6.0,24.115384615384617,6.563875726661252
139.0,7.0,21.53846153846154,5.915952307479673
140.0,1.0,3533.326923076923,499.3628379913922
140.0,2.0,5182.711538461538,812.9431240877237
140.0,3.0,5700.25,661.0741667328776
140.0,4.0,5775.7692307692305,781.8951741431943
140.0,5.0,5723.173076923077,834.3023085225362
140.0,6.0,5501.057692307692,758.4254694330658
140.0,7.0,3950.230769230769,635.2532802080466
141.0,1.0,6071.903846153846,942.6822653037716
141.0,2.0,6369.826923076923,998.2271878067745
141.0,3.0,6874.4807692307695,717.8685086430227
141.0,4.0,7010.711538461538,816.9781799601017
141.0,5.0,7141.038461538462,1071.2312132388574
141.0,6.0,7145.173076923077,953.2623390777968
141.0,7.0,6914.326923076923,1215.2210437378415
142.0,1.0,6659.307692307692,1014.6097006462884
142.0,2.0,7040.384615384615,1133.8083344933195
142.0,3.0,7673.25,901.2301369816263
142.0,4.0,7841.538461538462,968.1072793725173
142.0,5.0,7788.884615384615,1170.364190910896
142.0,6.0,7803.826923076923,1006.5767792842576
142.0,7.0,8042.384615384615,1436.9122144082205
143.0,1.0,3092.7884615384614,500.6833893138874
143.0,2.0,3556.6346153846152,591.6942118585478
143.0,3.0,3869.1153846153848,506.0838748528981
143.0,4.0,3931.269230769231,588.4589084021313
143.0,5.0,4007.519230769231,645.315988577009
143.0,6.0,3985.346153846154,604.4272247218163
143.0,7.0,3495.7884615384614,610.7149887724322
144.0,1.0,2812.8076923076924,305.3720352941116
144.0,2.0,2116.480769230769,345.7564874916073
144.0,3.0,2158.076923076923,199.62630245908016
144.0,4.0,2244.9423076923076,229.17143283128178
144.0,5.0,2383.7115384615386,333.8122248104177
144.0,6.0,2694.0,306.4315808226857
144.0,7.0,3410.2115384615386,410.34372662671524
145.0,1.0,868.8461538461538,135.93790171314234
145.0,2.0,820.25,126.2465491665835
145.0,3.0,837.8076923076923,97.36650760098809
145.0,4.0,877.7884615384615,110.90843008650599
145.0,5.0,906.0576923076923,130.2599833909152
145.0,6.0,931.3653846153846,105.307398553213
145.0,7.0,978.6538461538462,168.3883099448816
146.0,1.0,377.13461538461536,46.295313296083265
146.0,2.0,333.46153846153845,60.28281761453684
146.0,3.0,337.28846153846155,36.980830507679336
146.0,4.0,347.59615384615387,43.09372349339155
146.0,5.0,358.13461538461536,43.12773042048143
146.0,6.0,380.25,42.553714614014375
146.0,7.0,419.09615384615387,62.41457208414119
147.0,1.0,37.75,7.891109417764862
147.0,2.0,27.807692307692307,9.723709575232546
147.0,3.0,25.23076923076923,5.396496265698825
147.0,4.0,26.153846153846153,5.948750455000383
147.0,5.0,27.173076923076923,7.02857237016126
147.0,6.0,31.576923076923077,6.387322473941932
147.0,7.0,38.73076923076923,7.454740259583711
148.0,1.0,3626.326923076923,451.6265905592261
148.0,2.0,2065.519230769231,505.95901912574976
148.0,3.0,2136.8846153846152,204.64993102485195
148.0,4.0,2374.769230769231,235.7525801230832
148.0,5.0,2646.980769230769,385.1554048659267
148.0,6.0,3301.4615384615386,383.3376365421788
148.0,7.0,4737.461538461538,679.0205305030514
149.0,1.0,31.307692307692307,7.432146554883928
149.0,2.0,33.13461538461539,6.860025856447716
149.0,3.0,34.42307692307692,7.78471643380484
149.0,4.0,36.84615384615385,8.052242691823448
149.0,5.0,35.94230769230769,7.309444498993152
149.0,6.0,33.94230769230769,7.296019493702624
149.0,7.0,27.98076923076923,5.023436776126537
150.0,1.0,17.192307692307693,4.740474293878205
150.0,2.0,16.25,4.596993902669055
150.0,3.0,17.865384615384617,4.200974892242142
150.0,4.0,16.365384615384617,4.7321546978585305
150.0,5.0,17.25,5.136852626069857
150.0,6.0,18.076923076923077,4.950128355817135
150.0,7.0,16.75,3.989569734528607
151.0,1.0,2324.3076923076924,377.0888249477203
151.0,2.0,2188.403846153846,406.0926804104652
151.0,3.0,2319.230769230769,232.7808542245568
151.0,4.0,2362.7115384615386,281.4933800314109
151.0,5.0,2402.2115384615386,333.7100618118212
151.0,6.0,2490.6923076923076,317.70830983111966
151.0,7.0,2487.3846153846152,407.48064570163064
152.0,1.0,489.5192307692308,80.36326601679949
152.0,2.0,430.65384615384613,109.29702014404616
152.0,3.0,432.84615384615387,69.17621279232908
152.0,4.0,460.71153846153845,73.84810498145117
152.0,5.0,482.59615384615387,87.76645918268586
152.0,6.0,521.6153846153846,81.53193861042837
152.0,7.0,533.2692307692307,96.2350299811618
153.0,1.0,12.596153846153847,3.7272689648926045
153.0,2.0,9.923076923076923,4.346944628334935
153.0,3.0,10.461538461538462,3.8929878563221973
153.0,4.0,11.01923076923077,3.686171214174833
153.0,5.0,11.5,4.142084347897571
153.0,6.0,11.903846153846153,3.9668212956413273
153.0,7.0,14.076923076923077,5.03262358525149
154.0,1.0,3.5,2.096508725765123
154.0,2.0,2.56,1.3726185313673502
154.0,3.0,2.8085106382978724,1.5967126265677516
154.0,4.0,2.7872340425531914,1.2842891827399574
154.0,5.0,2.893617021276596,1.3710364621604865
154.0,6.0,2.8541666666666665,1.6109939225334513
154.0,7.0,3.183673469387755,1.798998209510818
155.0,1.0,38.05769230769231,7.541814057374929
155.0,2.0,40.61538461538461,10.841376524556724
155.0,3.0,39.55769230769231,9.614966808418972
155.0,4.0,39.67307692307692,10.81524188419171
155.0,5.0,39.65384615384615,8.965915010519968
155.0,6.0,41.36538461538461,8.394743561122853
155.0,7.0,32.75,6.489433341828793
156.0,1.0,3.1020408163265305,1.895662790415528
156.0,2.0,2.6382978723404253,1.4359594870586132
156.0,3.0,3.08,1.5364948182570004
156.0,4.0,3.7755102040816326,2.3297470009499683
156.0,5.0,3.5510204081632653,2.4329442424919714
156.0,6.0,3.489795918367347,1.6970863386452462
156.0,7.0,3.8,1.9587584572574415
157.0,1.0,102.3076923076923,13.667678290926128
157.0,2.0,76.59615384615384,26.35746693725359
157.0,3.0,73.01923076923077,11.021352510530987
157.0,4.0,71.36538461538461,9.61826050506473
157.0,5.0,76.73076923076923,10.467719538555581
157.0,6.0,88.96153846153847,15.486821137963599
157.0,7.0,106.25,18.823092825819348
158.0,1.0,2754.096153846154,358.16439754837654
158.0,2.0,2381.7884615384614,332.36339293353683
158.0,3.0,2504.5,319.6093510129232
158.0,4.0,2708.7115384615386,363.70702153149614
158.0,5.0,2839.4615384615386,476.1599855353636
158.0,6.0,3089.6346153846152,385.40948576735497
158.0,7.0,3483.519230769231,514.0161930151125
159.0,1.0,97.67307692307692,16.970240565670007
159.0,2.0,85.75,25.315944754710014
159.0,3.0,81.01923076923077,16.464448192959352
159.0,4.0,80.98076923076923,11.13991302218199
159.0,5.0,81.88461538461539,12.42333958788204
159.0,6.0,93.5576923076923,14.12606194035283
159.0,7.0,107.78846153846153,20.64103711718482
160.0,1.0,84.6923076923077,12.240303824145489
160.0,2.0,75.34615384615384,16.935731591073555
160.0,3.0,73.38461538461539,11.11994118716611
160.0,4.0,78.26923076923077,11.111053292961687
160.0,5.0,81.90384615384616,13.787262685827965
160.0,6.0,84.6923076923077,13.364480963841464
160.0,7.0,86.32692307692308,14.4869395594062
161.0,1.0,6018.846153846154,785.766676555399
161.0,2.0,11405.365384615385,2061.7065749352455
161.0,3.0,12721.73076923077,1800.862093286071
161.0,4.0,12693.923076923076,2020.4745593417426
161.0,5.0,12840.576923076924,2053.2461467307944
161.0,6.0,11786.653846153846,1264.3263087838347
161.0,7.0,7599.923076923077,888.9505565587062
162.0,1.0,5449.461538461538,574.6173649819184
162.0,2.0,8930.23076923077,1416.7215207195752
162.0,3.0,9908.01923076923,1279.5188968772845
162.0,4.0,10046.346153846154,1419.3237672424943
162.0,5.0,10137.673076923076,1483.4409485680196
162.0,6.0,9591.538461538461,1018.1021070857721
162.0,7.0,6673.096153846154,673.2376051039436
163.0,1.0,5129.5,587.0527751270015
163.0,2.0,6794.7307692307695,868.9845576232248
163.0,3.0,7311.711538461538,905.8741707310049
163.0,4.0,7353.942307692308,970.5779441270768
163.0,5.0,7459.576923076923,1103.4200015629456
163.0,6.0,7201.538461538462,792.0904202083384
163.0,7.0,6096.923076923077,721.0304675554895
164.0,1.0,4931.2692307692305,488.18584195938405
164.0,2.0,5778.153846153846,801.4828752984567
164.0,3.0,6220.2692307692305,642.9958410314256
164.0,4.0,6321.0192307692305,763.2976057325502
164.0,5.0,6477.884615384615,835.3480114005355
164.0,6.0,6515.903846153846,598.4630727093207
164.0,7.0,5988.076923076923,522.2433827532547
165.0,1.0,59.86538461538461,13.304914094606424
165.0,2.0,61.82692307692308,15.71401416975625
165.0,3.0,65.61538461538461,12.952634444963572
165.0,4.0,67.34615384615384,16.19233008385435
165.0,5.0,70.34615384615384,13.452727131328611
165.0,6.0,58.0,11.29983515409866
165.0,7.0,40.17307692307692,7.443173352985559
166.0,1.0,1824.5961538461538,387.1403585778923
166.0,2.0,2062.269230769231,410.3629725386652
166.0,3.0,2172.5576923076924,410.969223286474
166.0,4.0,2196.9615384615386,473.26247584265974
166.0,5.0,2278.346153846154,468.4716026974706
166.0,6.0,2312.1923076923076,475.0492250432349
166.0,7.0,2024.5961538461538,503.12424924763405
167.0,1.0,54.30769230769231,9.73076475953611
167.0,2.0,40.67307692307692,15.793671050419809
167.0,3.0,38.11538461538461,7.315451941204481
167.0,4.0,38.69230769230769,7.719439331307915
167.0,5.0,42.19230769230769,8.970624088151284
167.0,6.0,48.30769230769231,8.325577084252
167.0,7.0,55.57692307692308,10.809121336741402
168.0,1.0,235.40384615384616,31.177706725828145
168.0,2.0,211.30769230769232,58.02316591505008
168.0,3.0,199.5,34.31086262567071
168.0,4.0,202.6153846153846,24.17838432312261
168.0,5.0,207.84615384615384,25.65104027656549
168.0,6.0,242.3846153846154,25.72719157085903
168.0,7.0,259.0576923076923,35.02179347348658
169.0,1.0,62.51923076923077,11.234558700750258
169.0,2.0,51.23076923076923,19.306217006004992
169.0,3.0,48.03846153846154,9.988152861601936
169.0,4.0,47.82692307692308,9.813398511571206
169.0,5.0,49.61538461538461,8.272690356318396
169.0,6.0,54.19230769230769,10.547815425784158
169.0,7.0,64.0,11.20923988607298
170.0,1.0,7048.153846153846,770.5840256410411
170.0,2.0,8614.653846153846,1271.3503533508413
170.0,3.0,9597.615384615385,1187.2716978284939
170.0,4.0,9786.692307692309,1278.3966603195342
170.0,5.0,10075.134615384615,1524.5178733715336
170.0,6.0,9709.653846153846,1136.700934759427
170.0,7.0,8281.634615384615,986.5291112814317
171.0,1.0,42.42307692307692,7.6243833665062395
171.0,2.0,40.32692307692308,8.926104377975635
171.0,3.0,42.03846153846154,6.50779785187314
171.0,4.0,41.25,6.956094802542645
171.0,5.0,40.63461538461539,7.211180986615121
171.0,6.0,43.57692307692308,7.473734803666466
171.0,7.0,42.63461538461539,7.605541958113268
172.0,1.0,2.372093023255814,1.2914232793235292
172.0,2.0,3.6923076923076925,2.110092104099441
172.0,3.0,3.86,1.7613770123377441
172.0,4.0,4.078431372549019,1.9579901660110752
172.0,5.0,4.25,1.988940007376084
172.0,6.0,4.215686274509804,1.9830655610967183
172.0,7.0,3.4693877551020407,2.0422826364993996
173.0,1.0,119.90384615384616,14.490374919552654
173.0,2.0,77.92307692307692,35.88371532660778
173.0,3.0,65.0,10.708252269472672
173.0,4.0,62.23076923076923,10.545169667589535
173.0,5.0,62.46153846153846,12.803892696167143
173.0,6.0,76.0,10.790336998862438
173.0,7.0,111.96153846153847,13.953650922153498
174.0,1.0,36.53846153846154,5.4896035017417075
174.0,2.0,38.78846153846154,12.28156044639653
174.0,3.0,39.36538461538461,6.953709254648921
174.0,4.0,36.71153846153846,6.526977315790569
174.0,5.0,38.75,8.147837437133905
174.0,6.0,39.73076923076923,6.942665433264834
174.0,7.0,37.59615384615385,8.272941045631518
175.0,1.0,21.134615384615383,4.640101613803877
175.0,2.0,24.596153846153847,8.093230323789538
175.0,3.0,24.673076923076923,5.565020845744844
175.0,4.0,24.03846153846154,5.63588480956868
175.0,5.0,22.75,5.867407484420637
175.0,6.0,23.057692307692307,5.958725556392933
175.0,7.0,20.634615384615383,4.966668691224141
176.0,1.0,2.4893617021276597,1.1204102592069436
176.0,2.0,2.1944444444444446,1.2832869503058921
176.0,3.0,2.0851063829787235,1.1195843023978869
176.0,4.0,2.533333333333333,1.3416407864998738
176.0,5.0,2.7083333333333335,1.3831560170045483
176.0,6.0,2.604651162790698,1.4982455594353228
176.0,7.0,2.2666666666666666,1.2862913567871996
177.0,1.0,73.98076923076923,11.972993113777527
177.0,2.0,52.67307692307692,17.332640808766897
177.0,3.0,49.13461538461539,10.23839150616366
177.0,4.0,51.11538461538461,11.447499677605512
177.0,5.0,53.48076923076923,10.552372439530554
177.0,6.0,63.34615384615385,9.91707700331064
177.0,7.0,69.09615384615384,9.665502868519436
178.0,1.0,20.365384615384617,8.133756448702991
178.0,2.0,22.28846153846154,8.83916538172867
178.0,3.0,25.557692307692307,7.706410526152024
178.0,4.0,25.01923076923077,7.086276116593492
178.0,5.0,26.423076923076923,7.314627177038133
178.0,6.0,21.365384615384617,5.871262168990036
178.0,7.0,14.403846153846153,4.19738301001112
179.0,1.0,458.1923076923077,75.07644168799503
179.0,2.0,335.61538461538464,97.6926259777953
179.0,3.0,323.9423076923077,46.132976365021435
179.0,4.0,339.28846153846155,44.66535110959715
179.0,5.0,363.34615384615387,52.243729191348926
179.0,6.0,389.9230769230769,57.32974663445179
179.0,7.0,459.0,87.00935266383948
180.0,1.0,20.134615384615383,4.520232712011525
180.0,2.0,23.153846153846153,7.116356788178316
180.0,3.0,21.576923076923077,4.98761664110953
180.0,4.0,19.326923076923077,4.957549813247423
180.0,5.0,21.78846153846154,4.230313289568926
180.0,6.0,21.826923076923077,4.296469840695503
180.0,7.0,21.442307692307693,5.089063481541113
181.0,1.0,910.0,142.87468799821835
181.0,2.0,798.0384615384615,172.14539699739473
181.0,3.0,860.2884615384615,114.04476873587014
181.0,4.0,918.8269230769231,137.76987364610798
181.0,5.0,974.8653846153846,201.3480090268212
181.0,6.0,964.2307692307693,154.8447185984335
181.0,7.0,961.0384615384615,172.99415852525553
182.0,1.0,41.40384615384615,7.359826339022762
182.0,2.0,37.42307692307692,13.411066770228814
182.0,3.0,37.38461538461539,7.227816219312084
182.0,4.0,36.01923076923077,8.754809064144284
182.0,5.0,37.32692307692308,7.627918673405248
182.0,6.0,40.30769230769231,7.458482370832427
182.0,7.0,43.13461538461539,7.556399303729634
183.0,1.0,16.384615384615383,4.610958158917524
183.0,2.0,13.0,3.9357586407745297
183.0,3.0,12.942307692307692,4.155853238357101
183.0,4.0,13.538461538461538,3.533933754727929
183.0,5.0,15.365384615384615,4.826515188909933
183.0,6.0,16.73076923076923,4.097418530290508
183.0,7.0,16.0,4.224113783375391
184.0,1.0,3.0416666666666665,1.912537952156693
184.0,2.0,2.128205128205128,1.3014058628932825
184.0,3.0,2.159090909090909,1.256484238940597
184.0,4.0,2.272727272727273,1.3701746003768904
184.0,5.0,2.0930232558139537,1.108709105400813
184.0,6.0,2.4782608695652173,1.2603197201906544
184.0,7.0,3.0,1.7956864414252192
185.0,1.0,35.55769230769231,6.415096965747258
185.0,2.0,33.21153846153846,10.814544560790122
185.0,3.0,30.692307692307693,7.201684066498972
185.0,4.0,32.67307692307692,7.213063187230958
185.0,5.0,32.28846153846154,6.701877227392393
185.0,6.0,33.36538461538461,7.065599751554742
185.0,7.0,34.98076923076923,5.869463631223077
186.0,1.0,7252.653846153846,750.5063619961404
186.0,2.0,6760.576923076923,783.1380402235924
186.0,3.0,7157.711538461538,685.4925332909081
186.0,4.0,7372.134615384615,896.0807918067138
186.0,5.0,7607.846153846154,1030.412565091596
186.0,6.0,7709.365384615385,704.0622195334436
186.0,7.0,7932.5192307692305,733.4872251285958
187.0,1.0,2.0238095238095237,1.0473682521046934
187.0,2.0,1.9714285714285715,0.9230930832457442
187.0,3.0,2.268292682926829,1.3788471678163325
187.0,4.0,2.0,0.9004503377814963
187.0,5.0,2.186046511627907,1.3139510383261979
187.0,6.0,2.1463414634146343,1.0853795559562585
187.0,7.0,2.0930232558139537,1.1299800564690152
188.0,1.0,237.34615384615384,33.95780808613953
188.0,2.0,182.40384615384616,45.71319782628732
188.0,3.0,182.26923076923077,21.17352711234182
188.0,4.0,194.25,23.150720989916085
188.0,5.0,199.6153846153846,26.168499133652922
188.0,6.0,212.6153846153846,26.69666487663665
188.0,7.0,227.0,23.190599853574888
189.0,1.0,308.5192307692308,51.606159529240955
189.0,2.0,245.32692307692307,54.98189404431107
189.0,3.0,256.28846153846155,31.822631321960067
189.0,4.0,278.25,47.274697871308796
189.0,5.0,288.5,55.05736758591166
189.0,6.0,287.46153846153845,47.65746306531664
189.0,7.0,310.96153846153845,69.13327893576476
190.0,1.0,67.92307692307692,26.6611608192378
190.0,2.0,35.15384615384615,9.437897355114178
190.0,3.0,36.88461538461539,9.712845438687733
190.0,4.0,46.61538461538461,13.860868668352907
190.0,5.0,50.67307692307692,15.07461332232095
190.0,6.0,52.44230769230769,14.8117778540453
190.0,7.0,73.51923076923077,28.476678028757924
191.0,1.0,34.78846153846154,7.884799320960872
191.0,2.0,41.92307692307692,9.12837883475645
191.0,3.0,38.38461538461539,7.728617171175073
191.0,4.0,36.09615384615385,8.015327511282504
191.0,5.0,35.75,5.806943105911588
191.0,6.0,37.23076923076923,8.18562916866369
191.0,7.0,33.42307692307692,7.637231183539591
192.0,1.0,20.134615384615383,5.24695559219109
192.0,2.0,24.942307692307693,7.544413493591972
192.0,3.0,24.53846153846154,5.073814121899791
192.0,4.0,23.942307692307693,5.869206652265577
192.0,5.0,22.51923076923077,6.244967808251177
192.0,6.0,22.826923076923077,5.249542104573722
192.0,7.0,19.0,5.6982969592058055
193.0,1.0,185.8653846153846,21.749941488453047
193.0,2.0,223.07692307692307,45.59749139721897
193.0,3.0,224.3653846153846,31.49231393696043
193.0,4.0,237.17307692307693,32.563495231922765
193.0,5.0,234.80769230769232,32.8824635673243
193.0,6.0,241.3653846153846,25.859369937696872
193.0,7.0,230.07692307692307,30.75828991003961
194.0,1.0,59.75,73.9824767275677
194.0,2.0,22.98076923076923,14.098380361177892
194.0,3.0,22.423076923076923,16.727746298568164
194.0,4.0,33.46153846153846,82.65365051033599
194.0,5.0,29.423076923076923,43.54999207755097
194.0,6.0,35.92307692307692,48.38564288511346
194.0,7.0,61.48076923076923,74.22633388854616
195.0,1.0,130.09615384615384,75.0981735542986
195.0,2.0,82.63461538461539,17.84357834304724
195.0,3.0,93.28846153846153,36.95271835285137
195.0,4.0,98.88461538461539,36.39093500900413
195.0,5.0,112.34615384615384,49.6611595638963
195.0,6.0,124.76923076923077,44.56879035722738
195.0,7.0,144.8653846153846,56.98194720867573
196.0,1.0,99.28846153846153,12.601488456218862
196.0,2.0,99.23076923076923,24.463350246420347
196.0,3.0,96.67307692307692,12.648678383796149
196.0,4.0,99.38461538461539,16.288037046543167
196.0,5.0,104.5576923076923,14.859358260149362
196.0,6.0,103.75,14.762000767736962
196.0,7.0,97.17307692307692,11.568586867531138
197.0,1.0,70.98076923076923,9.842864210547148
197.0,2.0,74.8076923076923,16.262598086742482
197.0,3.0,75.98076923076923,13.0316212474833
197.0,4.0,70.61538461538461,12.292439643870132
197.0,5.0,72.61538461538461,11.135799620256455
197.0,6.0,75.5576923076923,12.364423127506518
197.0,7.0,67.59615384615384,10.117466193269232
198.0,1.0,183.73076923076923,22.85599881321363
198.0,2.0,125.63461538461539,43.05902417141228
198.0,3.0,122.07692307692308,14.776566177362277
198.0,4.0,123.73076923076923,14.287133090501447
198.0,5.0,127.15384615384616,16.192935539537977
198.0,6.0,149.0,18.852367615392037
198.0,7.0,181.21153846153845,24.136325677173197
199.0,1.0,4.0,
199.0,2.0,1.3333333333333333,0.5773502691896258
199.0,3.0,1.5,0.7071067811865476
199.0,5.0,3.0,
199.0,6.0,1.0,
199.0,7.0,1.3333333333333333,0.5773502691896258
200.0,1.0,76.4423076923077,16.37000300829858
200.0,2.0,79.53846153846153,16.510794494561093
200.0,3.0,88.88461538461539,17.22362017712981
200.0,4.0,94.90384615384616,18.01117258421062
200.0,5.0,96.28846153846153,19.967951320545332
200.0,6.0,88.09615384615384,17.04924771543137
200.0,7.0,74.26923076923077,15.000804402765043
201.0,1.0,12.961538461538462,4.306682169863152
201.0,2.0,11.673076923076923,4.488421504472362
201.0,3.0,11.596153846153847,2.760076834570011
201.0,4.0,11.634615384615385,3.4529262733470634
201.0,5.0,12.192307692307692,4.2149987162487825
201.0,6.0,14.192307692307692,4.347811987648462
201.0,7.0,11.653846153846153,3.8900809779595797
202.0,1.0,131.71153846153845,20.068838920723408
202.0,2.0,112.26923076923077,26.631924955730515
202.0,3.0,115.1923076923077,14.734298337936288
202.0,4.0,116.01923076923077,16.26675954403176
202.0,5.0,121.01923076923077,22.418034043534547
202.0,6.0,129.8846153846154,20.337017197136397
202.0,7.0,144.76923076923077,23.041833553654726
203.0,1.0,28.51923076923077,8.45168595459587
203.0,2.0,33.17307692307692,7.643326331233772
203.0,3.0,29.076923076923077,7.398585328068598
203.0,4.0,27.653846153846153,8.422389897393161
203.0,5.0,26.98076923076923,7.005573088523348
203.0,6.0,28.5,7.209742863435752
203.0,7.0,26.596153846153847,6.030184256881849
204.0,1.0,1.9268292682926829,1.232684953717677
204.0,2.0,1.951219512195122,1.4309301085691628
204.0,3.0,1.8333333333333333,0.9710083124552246
204.0,4.0,2.0,1.0910894511799618
204.0,5.0,2.2093023255813953,1.2828194308386975
204.0,6.0,2.1578947368421053,1.346192143015809
204.0,7.0,2.051282051282051,1.0990119473685622
205.0,1.0,45.36538461538461,8.579567259423657
205.0,2.0,51.90384615384615,10.940587530168527
205.0,3.0,46.34615384615385,10.132232813145817
205.0,4.0,46.44230769230769,12.311979598300157
205.0,5.0,44.55769230769231,8.497781628716487
205.0,6.0,46.57692307692308,11.312575258284868
205.0,7.0,40.78846153846154,8.584839666326387
206.0,1.0,6.176470588235294,2.681088453243878
206.0,2.0,5.490196078431373,3.22100946300757
206.0,3.0,5.346153846153846,2.3084212021326405
206.0,4.0,5.596153846153846,2.7171179612013456
206.0,5.0,6.634615384615385,3.469920302830307
206.0,6.0,6.0,2.612188624844061
206.0,7.0,6.134615384615385,2.835550547599878
207.0,1.0,2.875,1.6193642041035474
207.0,2.0,16.96078431372549,9.911530223560286
207.0,3.0,21.26923076923077,10.080296028596221
207.0,4.0,20.442307692307693,10.812870801146783
207.0,5.0,20.21153846153846,8.042379265702014
207.0,6.0,20.46153846153846,7.8552131770764335
207.0,7.0,3.2083333333333335,2.1827011699183925
208.0,1.0,41.67307692307692,8.384675923785487
208.0,2.0,36.21153846153846,10.309592978903122
208.0,3.0,36.23076923076923,6.533819663618039
208.0,4.0,36.75,8.608875948580001
208.0,5.0,39.57692307692308,7.814883120689986
208.0,6.0,41.84615384615385,6.906616933496701
208.0,7.0,42.44230769230769,7.099885283631277
209.0,1.0,725.0384615384615,89.95095865132626
209.0,2.0,660.9038461538462,98.23745933344159
209.0,3.0,708.25,73.37090169601487
209.0,4.0,737.7307692307693,101.8180066867899
209.0,5.0,779.3653846153846,119.34544174184056
209.0,6.0,802.4038461538462,105.3580747094672
209.0,7.0,845.5384615384615,112.90885818398064
210.0,1.0,36.32692307692308,7.527000167621801
210.0,2.0,37.92307692307692,8.897777104745405
210.0,3.0,38.48076923076923,8.82840865596296
210.0,4.0,39.5,10.127617066762566
210.0,5.0,40.25,10.301104071799255
210.0,6.0,39.19230769230769,10.534794751322337
210.0,7.0,37.78846153846154,8.600812862773639
211.0,1.0,2240.6346153846152,261.88487433552086
211.0,2.0,2028.8076923076924,277.2488822065226
211.0,3.0,2152.269230769231,259.4513906933821
211.0,4.0,2220.0384615384614,285.6462203453544
211.0,5.0,2308.5576923076924,377.0831506295233
211.0,6.0,2442.4615384615386,298.26882607699946
211.0,7.0,2867.3076923076924,365.4864895687872
212.0,1.0,48.67307692307692,8.21218882204183
212.0,2.0,31.942307692307693,12.119362989696201
212.0,3.0,31.923076923076923,8.123667079435016
212.0,4.0,30.78846153846154,5.737173378157638
212.0,5.0,30.96153846153846,7.183754926334066
212.0,6.0,36.28846153846154,7.744287049202947
212.0,7.0,46.75,8.30514841505427
213.0,1.0,51.82692307692308,8.480013766743713
213.0,2.0,48.73076923076923,14.100640208821815
213.0,3.0,47.90384615384615,10.11552798847748
213.0,4.0,47.84615384615385,9.27231725460173
213.0,5.0,50.61538461538461,10.54059165313741
213.0,6.0,52.92307692307692,7.732909438634573
213.0,7.0,51.09615384615385,8.947032842331005
214.0,1.0,4.44,2.214608271437269
214.0,2.0,4.176470588235294,2.0756288912321605
214.0,3.0,4.509803921568627,2.1389020456262866
214.0,4.0,5.5576923076923075,2.5622712162887877
214.0,5.0,6.0576923076923075,2.6376866092405895
214.0,6.0,4.826923076923077,2.602571532581211
214.0,7.0,5.06,2.359609099414735
215.0,1.0,40.05769230769231,9.55153916667302
215.0,2.0,37.61538461538461,9.385332415799283
215.0,3.0,35.46153846153846,7.016679116364173
215.0,4.0,34.82692307692308,8.288241502855302
215.0,5.0,33.30769230769231,7.403068949040889
215.0,6.0,35.03846153846154,6.258990517056992
215.0,7.0,32.40384615384615,7.099460392045315
216.0,1.0,115.5,15.482437868531594
216.0,2.0,117.8076923076923,18.378417074872875
216.0,3.0,111.11538461538461,14.15551419772915
216.0,4.0,105.5576923076923,17.99718219942098
216.0,5.0,113.6923076923077,15.99330553766532
216.0,6.0,121.09615384615384,16.00154357184799
216.0,7.0,104.25,15.834778055862715
217.0,1.0,93.9423076923077,23.07737493273058
217.0,2.0,95.46153846153847,29.330076605170305
217.0,3.0,104.21153846153847,26.5768117553051
217.0,4.0,106.63461538461539,19.568911765663103
217.0,5.0,103.15384615384616,20.557317875889773
217.0,6.0,75.84615384615384,14.564777032796723
217.0,7.0,50.17307692307692,11.231470411384699
218.0,1.0,42.55769230769231,8.635116315708899
218.0,2.0,46.30769230769231,10.241282206677173
218.0,3.0,45.21153846153846,10.379724841382139
218.0,4.0,43.51923076923077,11.895773486733098
218.0,5.0,44.05769230769231,9.381695698432074
218.0,6.0,46.80769230769231,12.447597549977838
218.0,7.0,41.76923076923077,9.315000309674218
219.0,1.0,55.75,9.843630368087245
219.0,2.0,65.0576923076923,14.556736142389727
219.0,3.0,61.86538461538461,10.956292571303212
219.0,4.0,60.92307692307692,12.553955948415267
219.0,5.0,58.67307692307692,9.85526862945261
219.0,6.0,62.82692307692308,11.781875668520556
219.0,7.0,60.15384615384615,13.632982806824096
220.0,1.0,106.90384615384616,18.49457749400482
220.0,2.0,96.57692307692308,23.12145778178251
220.0,3.0,107.92307692307692,16.87305097397733
220.0,4.0,106.48076923076923,18.25901913545299
220.0,5.0,116.48076923076923,20.272158425777437
220.0,6.0,110.0576923076923,18.382017493168572
220.0,7.0,105.88461538461539,19.469084438380214
221.0,1.0,5.588235294117647,2.5153645508214937
221.0,2.0,5.134615384615385,2.301140775523801
221.0,3.0,5.313725490196078,2.565074627206245
221.0,4.0,5.384615384615385,2.1342569644602096
221.0,5.0,6.134615384615385,3.3550012194489245
221.0,6.0,6.134615384615385,2.5897902568858022
221.0,7.0,6.846153846153846,2.379525536696095
222.0,1.0,18.192307692307693,6.738937082471411
222.0,2.0,14.403846153846153,5.325703913281859
222.0,3.0,15.403846153846153,6.266185678405917
222.0,4.0,14.211538461538462,5.682227326555016
222.0,5.0,14.5,5.703456124553417
222.0,6.0,14.98076923076923,5.21118850850663
222.0,7.0,11.846153846153847,4.3222389594891775
223.0,1.0,648.0,111.79848818648806
223.0,2.0,483.2307692307692,128.24648684323472
223.0,3.0,448.4807692307692,64.33079047639824
223.0,4.0,465.13461538461536,52.86127937074467
223.0,5.0,497.0576923076923,63.63449966418621
223.0,6.0,553.3653846153846,77.30789697788498
223.0,7.0,636.3846153846154,133.6504298748475
224.0,1.0,1250.6346153846155,170.17131262649903
224.0,2.0,1028.3846153846155,245.47274548976014
224.0,3.0,1062.0961538461538,117.81212355061463
224.0,4.0,1082.3461538461538,145.93765585578575
224.0,5.0,1144.9423076923076,160.28827137276195
224.0,6.0,1195.9807692307693,164.63286432265875
224.0,7.0,1277.7307692307693,195.47329343533224
225.0,1.0,336.2692307692308,41.81899155047432
225.0,2.0,231.6346153846154,72.29325595594595
225.0,3.0,220.92307692307693,25.039456043899175
225.0,4.0,239.73076923076923,27.391937689347102
225.0,5.0,256.46153846153845,34.00487942983636
225.0,6.0,284.38461538461536,35.48717185851582
225.0,7.0,338.2307692307692,44.544146590490556
226.0,1.0,765.3846153846154,104.36477390950695
226.0,2.0,616.2307692307693,141.20984459718588
226.0,3.0,606.7307692307693,52.94285316600782
226.0,4.0,628.4230769230769,70.55031472639911
226.0,5.0,652.4230769230769,73.12796899388384
226.0,6.0,703.0192307692307,74.60864965483724
226.0,7.0,798.7884615384615,113.98130850180134
227.0,1.0,68.61538461538461,10.072587233410323
227.0,2.0,55.82692307692308,14.643102041771463
227.0,3.0,57.13461538461539,9.524022972182532
227.0,4.0,60.53846153846154,10.374292394412556
227.0,5.0,61.84615384615385,9.176663957432023
227.0,6.0,67.07692307692308,10.925498425111051
227.0,7.0,72.5,12.329623183339276
228.0,1.0,183.51923076923077,30.80265482867866
228.0,2.0,146.94230769230768,39.39862317766481
228.0,3.0,145.75,16.69668864669596
228.0,4.0,158.44230769230768,24.144510569662977
228.0,5.0,168.23076923076923,30.73199481450943
228.0,6.0,182.78846153846155,28.724066932036948
228.0,7.0,205.3846153846154,33.18938753498187
229.0,1.0,4511.923076923077,577.3247241406456
229.0,2.0,4812.192307692308,744.2524618692852
229.0,3.0,5227.576923076923,551.0896637537572
229.0,4.0,5323.461538461538,564.1552234436573
229.0,5.0,5343.0,757.8934945093591
229.0,6.0,5280.423076923077,596.5786882061069
229.0,7.0,5162.403846153846,732.9596265160613
230.0,1.0,7381.884615384615,943.109992001768
230.0,2.0,8335.211538461539,968.2063735717908
230.0,3.0,9109.634615384615,894.9268790120681
230.0,4.0,9326.807692307691,905.5123138466446
230.0,5.0,9182.326923076924,1026.1154565843592
230.0,6.0,9248.423076923076,748.3873733792441
230.0,7.0,8568.846153846154,1073.6309364171543
231.0,1.0,3759.576923076923,551.4673597492224
231.0,2.0,4325.25,648.6893233554059
231.0,3.0,4809.634615384615,661.0996195835957
231.0,4.0,4926.923076923077,742.3820919428255
231.0,5.0,5048.403846153846,903.7595606765822
231.0,6.0,4789.442307692308,750.5715838537238
231.0,7.0,4543.423076923077,738.8916274421252
232.0,1.0,1374.9807692307693,196.35257308285878
232.0,2.0,1127.1153846153845,226.14576713696593
232.0,3.0,1154.7884615384614,125.88281767509818
232.0,4.0,1228.7884615384614,137.37530339147744
232.0,5.0,1283.3461538461538,190.29439366262696
232.0,6.0,1392.1153846153845,173.09723594559804
232.0,7.0,1591.2692307692307,263.9198567735984
233.0,1.0,3470.923076923077,440.7914382177053
233.0,2.0,4051.076923076923,612.6455280065508
233.0,3.0,4334.326923076923,540.587760053591
233.0,4.0,4439.403846153846,507.48964094963713
233.0,5.0,4550.7692307692305,686.6707866443494
233.0,6.0,4540.076923076923,522.078269474045
233.0,7.0,3893.653846153846,521.7780643303144
234.0,1.0,5775.461538461538,836.3192106015
234.0,2.0,7281.2307692307695,966.1586484302937
234.0,3.0,8146.903846153846,1105.4572695888692
234.0,4.0,8281.173076923076,1273.7635869106036
234.0,5.0,8333.192307692309,1579.7228230252067
234.0,6.0,8092.2307692307695,1235.040645761001
234.0,7.0,7418.75,1187.1024184798819
235.0,1.0,63.48076923076923,11.323219913107902
235.0,2.0,53.03846153846154,18.354848201188908
235.0,3.0,51.55769230769231,8.03524945386402
235.0,4.0,50.11538461538461,8.505255229317758
235.0,5.0,54.03846153846154,10.222929894406136
235.0,6.0,58.63461538461539,9.260984672488796
235.0,7.0,68.5,13.054185715925843
236.0,1.0,7952.423076923077,1739.5872549246355
236.0,2.0,11102.692307692309,1989.0364850256512
236.0,3.0,12303.903846153846,1960.069409131311
236.0,4.0,12313.423076923076,2238.6747948516486
236.0,5.0,12193.692307692309,2458.4132738491526
236.0,6.0,11562.826923076924,2356.95097756264
236.0,7.0,9097.807692307691,2197.3111825321516
237.0,1.0,7012.615384615385,1369.4985937159795
237.0,2.0,10229.51923076923,1726.1626771130873
237.0,3.0,11651.326923076924,1729.0884566804675
237.0,4.0,11669.615384615385,1960.8138781783223
237.0,5.0,11632.134615384615,2184.991048833877
237.0,6.0,10723.615384615385,1869.7275375991853
237.0,7.0,8660.384615384615,1798.2658438753904
238.0,1.0,5168.923076923077,882.9013634015009
238.0,2.0,5694.653846153846,995.0632236217581
238.0,3.0,6156.634615384615,805.8328788168191
238.0,4.0,6248.211538461538,971.3162958227974
238.0,5.0,6341.25,1069.2631487957249
238.0,6.0,6200.384615384615,1025.0911610125822
238.0,7.0,5437.0,1025.628625980853
239.0,1.0,6586.634615384615,1062.0654872325138
239.0,2.0,6593.653846153846,1091.2449965676528
239.0,3.0,7080.7307692307695,834.4342950527507
239.0,4.0,7182.25,941.4243667099838
239.0,5.0,7233.653846153846,1117.0591446875208
239.0,6.0,7290.326923076923,1007.1709304693536
239.0,7.0,7084.0,1259.7128213036742
240.0,1.0,11.615384615384615,4.0203104267707745
240.0,2.0,7.153846153846154,3.29220478828765
240.0,3.0,6.75,2.9497424281039963
240.0,4.0,6.529411764705882,2.730223003173701
240.0,5.0,7.096153846153846,3.0438598778950756
240.0,6.0,7.730769230769231,2.904461643041174
240.0,7.0,11.75,4.894474675891293
241.0,1.0,50.36538461538461,8.22485197710262
241.0,2.0,41.13461538461539,13.782667214129672
241.0,3.0,42.94230769230769,9.28294548745585
241.0,4.0,39.26923076923077,6.426401989755749
241.0,5.0,43.76923076923077,10.275833794928541
241.0,6.0,45.26923076923077,7.677610393701028
241.0,7.0,55.0,10.501167068660587
242.0,1.0,29.942307692307693,5.609562778874637
242.0,2.0,33.51923076923077,10.133405026736936
242.0,3.0,33.07692307692308,7.785975712644394
242.0,4.0,32.96153846153846,7.197389337322354
242.0,5.0,33.44230769230769,6.366004877436673
242.0,6.0,36.17307692307692,6.45868059690138
242.0,7.0,31.846153846153847,5.869110282255653
243.0,1.0,563.4807692307693,85.35473622169489
243.0,2.0,461.3269230769231,113.49608633726683
243.0,3.0,465.86538461538464,66.7042135971475
243.0,4.0,482.13461538461536,83.95634459579803
243.0,5.0,507.0576923076923,91.5792624572681
243.0,6.0,506.75,71.28178685509295
243.0,7.0,562.1153846153846,94.70980524556627
244.0,1.0,975.1153846153846,161.40858565571594
244.0,2.0,930.1538461538462,185.92433466389264
244.0,3.0,947.5961538461538,123.24632749018934
244.0,4.0,957.5961538461538,135.6287116944544
244.0,5.0,998.6346153846154,153.91734844009486
244.0,6.0,1025.4615384615386,137.46949202205707
244.0,7.0,1002.6730769230769,165.006680928777
245.0,1.0,3.5106382978723403,1.8162591802399064
245.0,2.0,3.020408163265306,1.9092952006605228
245.0,3.0,2.7291666666666665,1.4548463885181822
245.0,4.0,3.2448979591836733,1.5749419598419327
245.0,5.0,3.411764705882353,1.6873229754642147
245.0,6.0,3.6923076923076925,1.7771806438074838
245.0,7.0,3.6122448979591835,2.1390839796765446
246.0,1.0,4720.173076923077,1134.37488566246
246.0,2.0,4848.5192307692305,1170.956664196779
246.0,3.0,5005.9807692307695,1064.2556542777404
246.0,4.0,5026.115384615385,848.4611133900852
246.0,5.0,5306.865384615385,1026.2064736793557
246.0,6.0,5162.653846153846,873.5002583614191
246.0,7.0,5359.634615384615,1059.6412272759997
247.0,1.0,148.03846153846155,49.376092308974535
247.0,2.0,104.17307692307692,37.28466075481725
247.0,3.0,101.34615384615384,28.320216997745565
247.0,4.0,109.0576923076923,33.958690857661374
247.0,5.0,104.26923076923077,29.592735849916888
247.0,6.0,117.82692307692308,27.299156888400347
247.0,7.0,158.53846153846155,51.29096604263491
248.0,1.0,40.73076923076923,7.55662385609897
248.0,2.0,28.01923076923077,11.600355614250534
248.0,3.0,27.53846153846154,6.716854826717455
248.0,4.0,26.0,6.1165157324969215
248.0,5.0,29.673076923076923,7.315632345971045
248.0,6.0,33.48076923076923,6.301230457540391
248.0,7.0,41.17307692307692,9.05044935261023
249.0,1.0,4704.557692307692,723.6255779051013
249.0,2.0,3710.25,527.51949596906
249.0,3.0,4013.673076923077,454.7350325730033
249.0,4.0,4194.923076923077,511.01981259905983
249.0,5.0,4452.096153846154,721.5004045116035
249.0,6.0,4888.211538461538,702.2211074767135
249.0,7.0,5774.865384615385,981.9949488478006
250.0,1.0,30.78846153846154,6.757237335646604
250.0,2.0,27.846153846153847,10.767388336254545
250.0,3.0,25.307692307692307,6.596310500362652
250.0,4.0,25.423076923076923,7.368044819662477
250.0,5.0,25.692307692307693,5.8863033492299195
250.0,6.0,30.28846153846154,5.720059434976894
250.0,7.0,30.98076923076923,6.766382833655195
251.0,1.0,4.0,2.1817424229271425
251.0,2.0,2.9361702127659575,1.774263537593151
251.0,3.0,3.6122448979591835,2.206206458782929
251.0,4.0,4.52,2.1687953959255255
251.0,5.0,5.0,2.3597939424831975
251.0,6.0,5.019230769230769,2.6530809660408075
251.0,7.0,4.5576923076923075,2.711004889577335
252.0,1.0,40.57692307692308,9.696059749229759
252.0,2.0,41.42307692307692,9.155189579099984
252.0,3.0,39.40384615384615,6.968443197968844
252.0,4.0,37.03846153846154,9.070446599164542
252.0,5.0,37.80769230769231,8.296085685875637
252.0,6.0,41.15384615384615,8.909973735980778
252.0,7.0,39.51923076923077,6.02768249490854
253.0,1.0,3.2045454545454546,3.7576560324690376
253.0,2.0,2.6744186046511627,1.8863031397110381
253.0,3.0,1.951219512195122,0.8352011587694046
253.0,4.0,2.7948717948717947,2.6967767034728816
253.0,5.0,2.3333333333333335,1.8400991582740054
253.0,6.0,2.225,1.2503845562312172
253.0,7.0,2.702127659574468,1.8523180966493953
254.0,1.0,36.44230769230769,7.518378688224441
254.0,2.0,33.42307692307692,12.067369961921626
254.0,3.0,32.15384615384615,7.105326958807281
254.0,4.0,31.76923076923077,8.426418271536123
254.0,5.0,32.57692307692308,8.571146659157709
254.0,6.0,36.96153846153846,8.688422629154584
254.0,7.0,36.17307692307692,7.0118139910402055
255.0,1.0,924.3653846153846,169.07209610175573
255.0,2.0,597.4807692307693,143.25891689519688
255.0,3.0,613.0,84.15368760342531
255.0,4.0,664.4038461538462,82.50021024700115
255.0,5.0,728.8461538461538,127.94367397572745
255.0,6.0,814.7307692307693,125.3572331277134
255.0,7.0,1025.4423076923076,209.18585539307122
256.0,1.0,816.25,122.52664776188364
256.0,2.0,529.7692307692307,120.33688258053141
256.0,3.0,547.4423076923077,63.66653735585014
256.0,4.0,601.7307692307693,76.48480956055475
256.0,5.0,650.7115384615385,105.25027810283441
256.0,6.0,720.4230769230769,106.30152197715996
256.0,7.0,873.9807692307693,136.4847891237034
257.0,1.0,127.65384615384616,19.40980610805626
257.0,2.0,115.9423076923077,26.144705504990583
257.0,3.0,127.25,18.331238739525762
257.0,4.0,135.80769230769232,21.333981419266
257.0,5.0,150.6153846153846,43.8688570790008
257.0,6.0,150.1346153846154,26.722267167930717
257.0,7.0,135.96153846153845,26.01806426648536
258.0,1.0,51.55769230769231,9.623120568303012
258.0,2.0,51.75,12.941610955273191
258.0,3.0,48.23076923076923,6.972257025105481
258.0,4.0,47.30769230769231,9.728749514668129
258.0,5.0,50.34615384615385,10.027187777286576
258.0,6.0,50.38461538461539,8.832102421422874
258.0,7.0,51.82692307692308,8.084652984285706
259.0,1.0,35.69230769230769,9.637627365529463
259.0,2.0,27.384615384615383,12.390942052451447
259.0,3.0,26.03846153846154,5.182782727687248
259.0,4.0,26.21153846153846,5.815248847242433
259.0,5.0,28.326923076923077,6.629468241905787
259.0,6.0,30.846153846153847,8.015633292130227
259.0,7.0,38.38461538461539,9.994417748107201
260.0,1.0,373.28846153846155,42.131603590608066
260.0,2.0,289.63461538461536,85.53362573410365
260.0,3.0,265.2692307692308,20.717630442726488
260.0,4.0,271.9230769230769,27.28344046633857
260.0,5.0,277.65384615384613,34.47527367144408
260.0,6.0,320.71153846153845,32.03633754156244
260.0,7.0,386.25,46.119569662805326
261.0,1.0,1387.3653846153845,115.96686965125822
261.0,2.0,1288.5576923076924,200.6387264889786
261.0,3.0,1296.75,142.63306480781583
261.0,4.0,1309.673076923077,153.11058686437968
261.0,5.0,1354.8076923076924,179.6097117839655
261.0,6.0,1375.3846153846155,117.51748369650778
261.0,7.0,1544.4038461538462,126.75362231206951
262.0,1.0,3084.7884615384614,582.6281004154066
262.0,2.0,3437.0576923076924,634.8414782358567
262.0,3.0,3727.423076923077,471.7260482049434
262.0,4.0,3812.826923076923,577.715538969498
262.0,5.0,3880.769230769231,664.9239560054855
262.0,6.0,3805.3846153846152,666.9187901835195
262.0,7.0,3403.7884615384614,682.1188251536234
263.0,1.0,5207.326923076923,853.9935877325928
263.0,2.0,4770.903846153846,883.8478544347093
263.0,3.0,5172.25,517.4017999089488
263.0,4.0,5312.0192307692305,597.8932126563852
263.0,5.0,5485.096153846154,789.53148826713
263.0,6.0,5754.865384615385,760.7898122255081
263.0,7.0,5871.211538461538,1074.5418601785686
264.0,1.0,3557.1346153846152,862.6730239373784
264.0,2.0,3717.1153846153848,1024.5891314991213
264.0,3.0,3969.153846153846,885.0176332488454
264.0,4.0,4116.057692307692,989.511850605483
264.0,5.0,4231.538461538462,957.611273655903
264.0,6.0,4227.846153846154,935.4992456503469
264.0,7.0,4011.0576923076924,985.6265333649461
265.0,1.0,718.0961538461538,85.92341770674184
265.0,2.0,655.75,130.27480381794447
265.0,3.0,624.8846153846154,93.05378032719845
265.0,4.0,655.5576923076923,93.92934630098796
265.0,5.0,688.3269230769231,82.61859477207061
265.0,6.0,715.3846153846154,108.20988209124944
265.0,7.0,654.8269230769231,76.34306500698433
