PULocationID,puday,mean_day,sd_day
1,1,27.173076923076923,8.784391580806675
1,2,18.557692307692307,7.110923553647726
1,3,17.75,5.455254707304567
1,4,18.96153846153846,6.447256715484071
1,5,22.692307692307693,6.320022528932486
1,6,25.096153846153847,8.275310823816179
1,7,20.807692307692307,5.973925242705158
2,1,1.1818181818181819,0.40451991747794525
2,2,1.25,0.46291004988627577
2,3,1.1666666666666667,0.408248290463863
2,4,1.0909090909090908,0.3015113445777637
2,5,1.0,0.0
2,6,1.1,0.3162277660168379
2,7,1.0,0.0
3,1,4.040816326530612,2.1501858802735847
3,2,3.8181818181818183,2.7641620730654277
3,3,3.2291666666666665,2.4602333683921844
3,4,3.9183673469387754,2.316937046816673
3,5,3.875,2.514849515399755
3,6,3.869565217391304,2.4459371814607533
3,7,3.4,1.862629258629328
4,1,751.5,164.66894894028454
4,2,395.9230769230769,162.35302205607093
4,3,417.0576923076923,56.783528908957834
4,4,461.4807692307692,68.09292681145101
4,5,503.84615384615387,76.65005394147332
4,6,653.8653846153846,112.18332839792822
4,7,912.2307692307693,198.5787358425077
5,1,1.25,0.5
5,2,1.0,0.0
5,3,1.1764705882352942,0.5285941398709243
5,4,1.0476190476190477,0.21821789023599236
5,5,1.4666666666666666,0.9154754164341269
5,6,1.2727272727272727,0.5504818825631802
5,7,1.5,1.1677484162422846
6,1,1.5384615384615385,0.6823393910177052
6,2,1.6944444444444444,0.9803627446568495
6,3,1.2571428571428571,0.5054326709601878
6,4,1.3421052631578947,0.5824605677164106
6,5,1.7567567567567568,1.4982472241738827
6,6,1.5,0.8451542547285166
6,7,1.75,1.660244035197915
7,1,572.1538461538462,97.20654876175753
7,2,405.5192307692308,149.206987480889
7,3,367.6923076923077,48.15316187429133
7,4,377.6923076923077,52.523585164111786
7,5,388.0576923076923,50.07030878695593
7,6,452.36538461538464,58.13507896039639
7,7,613.1538461538462,103.89462697526184
8,1,3.938775510204082,4.317639031081812
8,2,2.3488372093023258,1.2888481555661677
8,3,3.122448979591837,2.241954625815984
8,4,2.760869565217391,1.5374550776988671
8,5,3.0,1.8257418583505538
8,6,3.25531914893617,1.799372899293613
8,7,4.0,2.190890230020664
9,1,2.303030303030303,1.3574988141074122
9,2,2.977272727272727,1.704830842916631
9,3,2.6444444444444444,1.6397831834998458
9,4,3.5531914893617023,2.3201247215191376
9,5,3.3488372093023258,2.125622832312724
9,6,2.8372093023255816,1.526437379716941
9,7,2.869565217391304,1.733444812468628
10,1,88.84615384615384,21.44613372110951
10,2,99.01923076923077,18.630030979540603
10,3,88.75,19.890755562892657
10,4,88.3076923076923,23.681330829669463
10,5,90.78846153846153,18.013433482321496
10,6,96.73076923076923,23.2868854656607
10,7,73.17307692307692,14.701902176310721
11,1,2.9183673469387754,1.6562600275655885
11,2,4.469387755102041,2.4074713637646745
11,3,3.847826086956522,2.3377804412100693
11,4,4.142857142857143,2.5980762113533165
11,5,4.408163265306122,2.4058813990141843
11,6,3.938775510204082,2.105628996140525
11,7,2.8372093023255816,1.744791330928382
12,1,142.28846153846155,51.884992177632654
12,2,122.0576923076923,45.84047935516504
12,3,112.32692307692308,33.384111022734764
12,4,105.26923076923077,36.16309210741292
12,5,112.61538461538461,38.38767870449786
12,6,111.98076923076923,28.749417988731516
12,7,177.84615384615384,52.055168553682904
13,1,1803.923076923077,198.60057916644874
13,2,2514.346153846154,382.39287284232074
13,3,2756.1153846153848,352.6925369794853
13,4,2813.980769230769,429.54355575377076
13,5,2886.230769230769,516.071837809223
13,6,2745.596153846154,351.9904889320769
13,7,2254.0576923076924,266.53163837224594
14,1,18.596153846153847,5.413344496938462
14,2,19.03846153846154,7.485833780591749
14,3,21.75,11.442738942657213
14,4,22.23076923076923,9.753059619714284
14,5,22.71153846153846,9.27644399934595
14,6,22.615384615384617,7.436407118330908
14,7,18.557692307692307,5.602567554040444
15,1,2.380952380952381,1.3960288792942148
15,2,3.0,1.7815479346563374
15,3,3.02,2.104320143254377
15,4,3.0,1.8027756377319948
15,5,2.9148936170212765,1.515568299696628
15,6,3.0208333333333335,1.3126160874024826
15,7,2.5,1.3123346456686353
16,1,4.470588235294118,2.28344425091983
16,2,4.63265306122449,2.4807078757132714
16,3,4.673469387755102,2.330841721192518
16,4,4.9411764705882355,2.444682103717228
16,5,5.411764705882353,2.7725545663754594
16,6,4.384615384615385,2.490403905770371
16,7,4.1020408163265305,2.56778842877796
17,1,74.0,17.15214500962992
17,2,44.73076923076923,26.13923156574543
17,3,43.42307692307692,9.698081786977669
17,4,48.38461538461539,9.727974309325447
17,5,52.28846153846154,14.149532713771839
17,6,56.48076923076923,13.982468553430122
17,7,67.0,16.209413870933634
18,1,6.269230769230769,4.1826691197498755
18,2,5.470588235294118,4.119965733723865
18,3,5.176470588235294,2.430686177629199
18,4,5.5576923076923075,3.8522387763148314
18,5,5.764705882352941,3.507638723096309
18,6,6.615384615384615,3.5433109926094413
18,7,5.673076923076923,2.639972919098728
19,1,3.826923076923077,2.2554609445517317
19,2,4.686274509803922,2.1678578927451064
19,3,4.134615384615385,2.0866414158139497
19,4,5.8431372549019605,2.9146015097752755
19,5,4.9423076923076925,1.9843847422891214
19,6,4.9423076923076925,2.8793617316864606
19,7,4.490196078431373,2.23044882496423
20,1,3.48,1.854283513095766
20,2,2.8541666666666665,2.0210549523868413
20,3,2.72,1.9276717478209142
20,4,3.021276595744681,2.0053120943495752
20,5,2.727272727272727,1.3870436414997716
20,6,4.0,2.4576411454889016
20,7,3.6808510638297873,2.2851732212786073
21,1,4.24,2.308458271625618
21,2,6.568627450980392,3.8794582197043144
21,3,6.26,4.645867156156433
21,4,6.865384615384615,4.459090059966935
21,5,7.549019607843137,5.072725994926973
21,6,6.9411764705882355,3.618904611651886
21,7,4.423076923076923,2.696011242821105
22,1,7.0,2.917156821559072
22,2,8.72549019607843,3.758076270500901
22,3,8.843137254901961,4.738660355077615
22,4,10.153846153846153,5.359194464581464
22,5,8.403846153846153,4.551490233804341
22,6,9.846153846153847,4.787174922704742
22,7,6.5576923076923075,3.1648403084482615
23,1,1.4615384615384615,0.7605665904189707
23,2,1.9523809523809523,1.1608699529314417
23,3,1.8421052631578947,1.11868761873192
23,4,1.7826086956521738,1.1660547990838181
23,5,2.2666666666666666,1.4840144374549435
23,6,2.1481481481481484,1.4598130466104662
23,7,1.565217391304348,0.8434823356732999
24,1,807.6153846153846,154.30910585843455
24,2,740.0769230769231,145.10224200019852
24,3,799.8076923076923,93.76755542015636
24,4,797.5576923076923,110.40893922702458
24,5,843.25,133.47833414556277
24,6,912.8076923076923,139.1895362392292
24,7,940.8846153846154,187.116892672411
25,1,290.03846153846155,56.61911322071772
25,2,234.80769230769232,50.25231960758315
25,3,253.6346153846154,44.93918716428265
25,4,273.3076923076923,46.673475047413255
25,5,305.36538461538464,86.69645691160417
25,6,343.9423076923077,66.96250442218917
25,7,342.61538461538464,86.06271171017093
26,1,11.865384615384615,5.587201222099421
26,2,16.23076923076923,8.66504219605576
26,3,16.98076923076923,6.185024243030728
26,4,17.03846153846154,9.126478474824388
26,5,17.71153846153846,7.402534114221776
26,6,13.942307692307692,5.510821658741051
26,7,9.211538461538462,4.108033919622161
27,1,1.125,0.3535533905932738
27,2,1.0,0.0
27,3,1.0,0.0
27,4,4.142857142857143,7.448234050846581
27,5,1.0769230769230769,0.2773500981126145
27,6,1.4444444444444444,0.7264831572567789
27,7,1.5,0.7977240352174656
28,1,24.384615384615383,6.221890029198921
28,2,25.807692307692307,8.499223635913637
28,3,22.28846153846154,6.1240014422890505
28,4,22.884615384615383,5.515233257840155
28,5,23.596153846153847,6.754111646451368
28,6,23.96153846153846,6.336825265815058
28,7,22.923076923076923,7.490768577143453
29,1,3.8125,2.375909680208959
29,2,5.26530612244898,2.8633860361182064
29,3,4.826923076923077,2.8056047116242846
29,4,6.244897959183674,3.5504143669254646
29,5,5.078431372549019,2.719140579336802
29,6,5.0,2.505992817228334
29,7,3.234042553191489,1.991424724395193
30,1,1.6666666666666667,1.1547005383792517
30,2,1.0,0.0
30,3,1.0,
30,4,1.0,0.0
30,5,1.0,
30,6,1.5,0.7071067811865476
30,7,1.125,0.35355339059327373
31,1,2.3157894736842106,1.2756612097451128
31,2,1.793103448275862,1.1765357849219762
31,3,1.4666666666666666,0.6814453874610598
31,4,1.945945945945946,1.1533994669369023
31,5,1.6,0.8136762043449725
31,6,2.057142857142857,1.235334133005345
31,7,2.088888888888889,1.276041859925774
32,1,5.183673469387755,2.57935286932397
32,2,4.431372549019608,2.7731202783924416
32,3,5.294117647058823,3.2452680483871212
32,4,6.195652173913044,3.804205656418761
32,5,5.6923076923076925,2.993708838439609
32,6,5.470588235294118,3.4603638027032395
32,7,4.313725490196078,2.3873851476327097
33,1,251.51923076923077,58.67574251921314
33,2,270.2692307692308,53.87899128006636
33,3,307.61538461538464,53.42399910378601
33,4,318.65384615384613,58.76636513509709
33,5,345.90384615384613,88.71064653380932
33,6,358.84615384615387,80.55892609234768
33,7,296.38461538461536,80.49117692389811
34,1,4.519230769230769,6.175506281112043
34,2,5.134615384615385,2.990369156526948
34,3,6.461538461538462,4.354225076646768
34,4,6.450980392156863,2.934714469860371
34,5,8.0,3.4409301068170506
34,6,8.153846153846153,4.239795663706556
34,7,7.705882352941177,6.937706011779568
35,1,16.634615384615383,8.659187223901688
35,2,13.634615384615385,8.385395441594602
35,3,14.615384615384615,8.740605816832657
35,4,16.326923076923077,9.504841189266788
35,5,15.75,8.250668422119793
35,6,16.53846153846154,8.062164207232078
35,7,13.25,6.570507486294417
36,1,64.76923076923077,21.027167659692985
36,2,18.01923076923077,31.57964744467574
36,3,12.134615384615385,4.520232712011525
36,4,16.134615384615383,6.465682701026002
36,5,18.903846153846153,6.722101723695529
36,6,26.673076923076923,6.6824944087801965
36,7,58.05769230769231,14.164874343190307
37,1,90.48076923076923,21.157199103531774
37,2,36.19230769230769,36.767973308802354
37,3,35.07692307692308,9.14769049144647
37,4,37.01923076923077,8.47716745287792
37,5,41.34615384615385,11.67851154796138
37,6,53.26923076923077,12.635330771705474
37,7,91.61538461538461,20.552328093071324
38,1,3.8958333333333335,2.0549844264392374
38,2,3.875,2.733752778749232
38,3,4.425531914893617,2.8797998183076046
38,4,3.92,2.193124692845198
38,5,4.254901960784314,2.791724465307434
38,6,4.021739130434782,2.3616296674098454
38,7,2.7291666666666665,1.6076887511478632
39,1,15.307692307692308,6.699541867680387
39,2,16.326923076923077,7.371703061924193
39,3,16.326923076923077,8.615355998120968
39,4,18.21153846153846,10.317197785045444
39,5,17.807692307692307,9.332713834213079
39,6,17.98076923076923,8.828408655962962
39,7,13.576923076923077,7.515594646861126
40,1,114.46153846153847,26.80975937204076
40,2,135.23076923076923,38.92305903814444
40,3,142.32692307692307,23.367248031015258
40,4,155.67307692307693,28.903301360962107
40,5,165.57692307692307,50.90874040054849
40,6,175.3653846153846,39.00981718880611
40,7,150.5,39.42354228471244
41,1,1222.673076923077,225.16318449758168
41,2,911.5961538461538,240.10530856397853
41,3,937.4038461538462,123.7857509642357
41,4,971.0,136.35047114107144
41,5,1026.25,152.90928683373028
41,6,1227.423076923077,185.20178144167633
41,7,1347.8461538461538,298.1019291802645
42,1,526.9038461538462,111.12760014653789
42,2,420.78846153846155,135.8321248407872
42,3,422.21153846153845,70.0412585799904
42,4,432.5192307692308,64.72641985192493
42,5,468.1923076923077,71.95042913974638
42,6,568.3461538461538,93.19363872412394
42,7,569.0384615384615,123.86377107864112
43,1,3536.519230769231,537.0012045988102
43,2,3934.7884615384614,572.5082185055601
43,3,4222.961538461538,523.2724316332655
43,4,4345.5,565.6723051933383
43,5,4365.057692307692,672.1713545961836
43,6,4486.711538461538,514.1517414125782
43,7,4396.5,619.791030564841
44,1,1.0,0.0
44,2,1.25,0.7071067811865476
44,3,1.1666666666666667,0.408248290463863
44,4,1.5,1.0
44,5,1.25,0.5
44,6,1.3333333333333333,0.5773502691896258
44,7,1.0,0.0
45,1,624.5384615384615,74.396779800241
45,2,536.5,118.8549123767227
45,3,575.7307692307693,57.79786120766922
45,4,599.6923076923077,76.7538817978656
45,5,640.3461538461538,96.05204565813848
45,6,681.25,94.67817004121352
45,7,762.0576923076923,102.90628012268145
46,1,1.5357142857142858,0.6929348671835832
46,2,1.5625,0.7274384280931732
46,3,1.411764705882353,0.6183469424008423
46,4,1.6521739130434783,1.1122743142757672
46,5,1.434782608695652,0.7277666307098061
46,6,1.7142857142857142,1.0071175275436894
46,7,1.5161290322580645,0.8513114487634352
47,1,8.32,5.195916764191681
47,2,6.078431372549019,3.6597439104664247
47,3,6.423076923076923,3.711910632408386
47,4,6.32,2.9515820731759908
47,5,6.823529411764706,3.4739365702496134
47,6,7.9411764705882355,3.4024212831798617
47,7,6.519230769230769,3.189998983436955
48,1,8724.038461538461,834.835922861222
48,2,7860.596153846154,1367.8791263480273
48,3,8499.653846153846,806.4860084028878
48,4,8941.25,810.1359574835842
48,5,9327.461538461539,1091.978173694437
48,6,9543.98076923077,913.2358218388022
48,7,9916.961538461539,1000.3432736607826
49,1,96.09615384615384,22.25190858999371
49,2,63.90384615384615,26.03109725180116
49,3,66.0,14.537308324904352
49,4,73.15384615384616,13.158736180128404
49,5,79.98076923076923,17.665176094664474
49,6,90.63461538461539,19.547858662281733
49,7,106.73076923076923,26.71572598831925
50,1,2613.75,465.0436570271402
50,2,2323.7115384615386,406.43091864295866
50,3,2430.153846153846,305.9780451316142
50,4,2519.3076923076924,310.79547139189043
50,5,2674.730769230769,472.57094561825716
50,6,2737.173076923077,424.74577038154666
50,7,2958.173076923077,564.9208419701895
51,1,12.26923076923077,5.974177717199393
51,2,10.673076923076923,6.452605960404006
51,3,11.115384615384615,7.05066773684911
51,4,11.450980392156863,6.732945048016347
51,5,11.326923076923077,7.240195950782792
51,6,11.5,6.96349022246972
51,7,9.846153846153847,5.058034243383472
52,1,122.15384615384616,28.64685905883317
52,2,150.3653846153846,33.196402383718016
52,3,159.25,30.392771973534995
52,4,170.09615384615384,35.46180470252721
52,5,181.96153846153845,42.63707377777965
52,6,181.46153846153845,37.73980139523038
52,7,147.65384615384616,41.34734959160474
53,1,3.1020408163265305,1.8171050460276974
53,2,3.836734693877551,2.220613079529973
53,3,3.5098039215686274,1.6416156556223243
53,4,3.0930232558139537,1.5858594408436573
53,5,3.4,2.004540300962248
53,6,3.2448979591836733,1.7740092568916928
53,7,2.6041666666666665,1.4980779648110716
54,1,9.865384615384615,4.810237636924005
54,2,9.923076923076923,4.028555688474876
54,3,10.01923076923077,3.5118308984669024
54,4,11.423076923076923,5.654587427422001
54,5,11.673076923076923,3.993726226275082
54,6,11.98076923076923,4.007299147244348
54,7,11.0,5.423261445466403
55,1,5.882352941176471,2.6049726203822527
55,2,5.803921568627451,3.405992412458591
55,3,5.627450980392157,3.399769311666458
55,4,6.403846153846154,4.188029699056705
55,5,5.903846153846154,3.6205276150253827
55,6,7.019607843137255,3.7814822283249265
55,7,4.96078431372549,3.762769109651696
56,1,16.326923076923077,5.782736830331189
56,2,14.788461538461538,7.077543992041026
56,3,11.423076923076923,4.021248239754855
56,4,11.98076923076923,5.64120132045101
56,5,11.673076923076923,3.919389477497708
56,6,13.096153846153847,4.619904147145094
56,7,13.288461538461538,4.649843085952675
57,1,1.6842105263157894,1.016226809060738
57,2,1.88,1.536229149573722
57,3,1.4827586206896552,0.7847060257179306
57,4,1.2758620689655173,0.5275652785700641
57,5,1.4285714285714286,0.7901510136288026
57,6,1.8,1.1566896880679618
57,7,1.6363636363636365,0.8222751143238883
58,1,1.0625,0.24999999999999997
58,2,1.4285714285714286,0.646206172658864
58,3,1.2105263157894737,0.5353033790313108
58,4,1.5789473684210527,0.7685331969757722
58,5,1.2777777777777777,0.5745131499601416
58,6,1.2857142857142858,0.5606119105813882
58,7,1.3571428571428572,0.633323693776651
59,1,1.4,0.6992058987801011
59,2,1.2,0.6324555320336759
59,3,1.3571428571428572,0.6333236937766509
59,4,1.25,0.4472135954999579
59,5,1.0769230769230769,0.2773500981126145
59,6,1.1111111111111112,0.3333333333333333
59,7,1.1428571428571428,0.3631365196012814
60,1,4.607843137254902,2.209782173632044
60,2,3.422222222222222,2.454021642574128
60,3,3.765957446808511,2.3051244044278807
60,4,3.391304347826087,1.7572486179576325
60,5,3.78,2.3324682555750473
60,6,4.25,2.969617391345288
60,7,4.489795918367347,2.2557560537765737
61,1,76.40384615384616,13.07783578573352
61,2,49.82692307692308,27.19985665608578
61,3,47.71153846153846,11.839343745825824
61,4,52.59615384615385,10.879481705115632
61,5,54.46153846153846,14.564880590184556
61,6,63.30769230769231,14.455528098597831
61,7,75.48076923076923,13.471087972446309
62,1,19.134615384615383,6.11340169147483
62,2,15.096153846153847,7.238945907949595
62,3,16.25,6.243035335161769
62,4,16.576923076923077,6.430156140714377
62,5,17.096153846153847,6.505682630260347
62,6,19.653846153846153,6.95612190634029
62,7,19.0,5.674158830291283
63,1,5.26,3.1675007852390187
63,2,4.795918367346939,2.4236645105839103
63,3,5.0588235294117645,2.469103195136909
63,4,4.7254901960784315,2.8919089292199303
63,5,4.92,2.790947465485877
63,6,5.64,2.8482719429900807
63,7,5.142857142857143,2.557668208870467
64,1,2.2325581395348837,1.250470564805136
64,2,2.511111111111111,1.632374486644062
64,3,2.510204081632653,1.2767544951228198
64,4,3.1956521739130435,2.6299097172285113
64,5,2.6744186046511627,1.5541178822813213
64,6,2.888888888888889,1.6407069183492802
64,7,1.9487179487179487,0.9161911415350296
65,1,335.88461538461536,63.95238849305645
65,2,326.0576923076923,72.30420850212771
65,3,345.53846153846155,59.25831174875148
65,4,367.96153846153845,61.89300113699117
65,5,403.88461538461536,82.56634975347932
65,6,430.75,74.20107155296238
65,7,401.46153846153845,84.25462378385697
66,1,137.25,38.99214350227443
66,2,127.96153846153847,31.47670258190753
66,3,140.42307692307693,28.521987496299495
66,4,151.69230769230768,33.75664841504847
66,5,167.26923076923077,49.487219734429814
66,6,174.26923076923077,44.57296964446158
66,7,155.15384615384616,48.81312288011494
67,1,4.4,2.32992949004287
67,2,4.019607843137255,3.140001248906958
67,3,4.705882352941177,2.8375631633291185
67,4,3.96,2.407132259408634
67,5,5.096153846153846,2.5225229774861724
67,6,4.826923076923077,2.5105358684766874
67,7,4.078431372549019,2.261354790871189
68,1,6773.807692307692,720.0203983619598
68,2,5707.25,902.0988353963935
68,3,6096.923076923077,659.6062653881984
68,4,6415.442307692308,691.1027679166257
68,5,6719.75,937.3176554695328
68,6,6876.211538461538,822.1771751363776
68,7,7530.0,966.3970685580783
69,1,20.5,5.879509116497769
69,2,17.48076923076923,8.623930191374543
69,3,18.03846153846154,7.77114203750769
69,4,17.942307692307693,5.689389717223585
69,5,18.173076923076923,6.9528415797559
69,6,21.365384615384617,8.08297374454803
69,7,18.78846153846154,5.431702648816333
70,1,44.65384615384615,13.388441921071568
70,2,41.5,13.307082000669755
70,3,37.5,11.859471270825246
70,4,38.57692307692308,10.229419614084936
70,5,41.0,11.156638751671316
70,6,40.92307692307692,10.610476054900357
70,7,35.90384615384615,10.405993023224484
71,1,11.51923076923077,5.359581431620565
71,2,11.326923076923077,5.621112700699642
71,3,11.346153846153847,5.593710106913031
71,4,12.557692307692308,6.991348888163005
71,5,11.5,5.4754353394833135
71,6,13.096153846153847,5.892033888939904
71,7,11.384615384615385,7.093642130295258
72,1,11.096153846153847,5.065297604189167
72,2,12.098039215686274,6.558215921912861
72,3,12.192307692307692,6.309154449231164
72,4,12.807692307692308,8.343221885631523
72,5,10.846153846153847,6.1113350660549415
72,6,13.826923076923077,7.553005255269167
72,7,10.098039215686274,4.792723242419844
73,1,1.9743589743589745,0.8732028005590587
73,2,1.7027027027027026,1.0237421785039669
73,3,1.8888888888888888,1.0358647947564745
73,4,1.394736842105263,0.63838790563844
73,5,1.7179487179487178,1.1909465043604237
73,6,1.6176470588235294,0.8881272732418117
73,7,2.0555555555555554,1.1938998389298934
74,1,1205.4615384615386,232.2858669439457
74,2,978.4230769230769,242.15708288288184
74,3,963.3269230769231,183.42051985552868
74,4,1001.9615384615385,121.59575610797064
74,5,1063.0192307692307,149.71626634150286
74,6,1295.5,190.476337885097
74,7,1344.6538461538462,259.9106094157718
75,1,1774.8076923076924,271.79079602225914
75,2,1842.6153846153845,377.3370134501213
75,3,1971.6923076923076,229.4058428287778
75,4,2043.1923076923076,264.35560115351586
75,5,2091.480769230769,275.4511800012891
75,6,2244.2884615384614,303.730746120249
75,7,2058.7115384615386,315.6019667760022
76,1,31.115384615384617,11.233098582792685
76,2,24.26923076923077,13.634033806179824
76,3,24.78846153846154,11.61698644474182
76,4,25.615384615384617,12.814137177893652
76,5,27.192307692307693,12.022916780193944
76,6,29.596153846153847,14.977446594318776
76,7,22.71153846153846,8.449008616774801
77,1,7.711538461538462,2.7463811373210527
77,2,5.480769230769231,3.274921849780838
77,3,5.86,3.446441524772104
77,4,6.333333333333333,3.631345021705686
77,5,6.588235294117647,3.5618897826195304
77,6,7.038461538461538,3.3370266115712712
77,7,6.2,2.75532878885513
78,1,6.173076923076923,2.9487195881692605
78,2,6.352941176470588,4.335082603188846
78,3,6.196078431372549,2.939521102786215
78,4,6.2745098039215685,3.5948765284640807
78,5,6.529411764705882,3.6075085096308253
78,6,6.823529411764706,3.5760642183995586
78,7,6.211538461538462,3.690669414074079
79,1,10075.307692307691,1718.940229127301
79,2,5149.538461538462,1348.7704416890435
79,3,5554.5,595.9781381699086
79,4,6105.4807692307695,646.5693930392026
79,5,6711.096153846154,902.6531537990375
79,6,8118.307692307692,1059.9979751823346
79,7,11926.057692307691,1981.7119694697478
80,1,205.1346153846154,51.03978795754475
80,2,73.76923076923077,65.90088082502638
80,3,67.98076923076923,18.41939555821567
80,4,78.34615384615384,21.4849556259811
80,5,87.21153846153847,21.416812653926677
80,6,110.34615384615384,24.774183760428418
80,7,194.98076923076923,43.440511671694686
81,1,6.714285714285714,3.851406669430447
81,2,4.705882352941177,2.594564453984975
81,3,4.653061224489796,3.3012057166546693
81,4,5.416666666666667,3.363340116251797
81,5,4.86,3.0372517115286435
81,6,5.914893617021277,3.393278440592985
81,7,4.846153846153846,3.044664992580258
82,1,108.3076923076923,20.506850564148845
82,2,78.32692307692308,32.3999038692874
82,3,62.32692307692308,16.15090740344799
82,4,61.84615384615385,10.787401176035404
82,5,63.48076923076923,15.049578698572425
82,6,72.25,12.603882066143546
82,7,107.67307692307692,27.07196013666217
83,1,40.07692307692308,8.335716099767769
83,2,29.903846153846153,18.305961329882717
83,3,25.25,6.416507510121918
83,4,24.25,5.0676792073906585
83,5,26.21153846153846,6.817901863624989
83,6,29.096153846153847,6.544746779459068
83,7,40.01923076923077,6.219798825998909
84,1,1.125,0.35355339059327373
84,2,1.2,0.4472135954999579
84,3,1.0,0.0
84,4,1.0,0.0
84,5,1.2,0.4472135954999579
84,6,1.3333333333333333,0.5163977794943222
84,7,1.6666666666666667,1.2110601416389966
85,1,12.307692307692308,4.1893350192445915
85,2,9.365384615384615,6.377130850812622
85,3,8.865384615384615,4.352276150740861
85,4,8.615384615384615,4.284737373395755
85,5,9.692307692307692,3.796481660894505
85,6,11.038461538461538,4.200660725160206
85,7,11.23076923076923,4.692987612386706
86,1,2.45,1.5182648665921914
86,2,2.6744186046511627,1.6434709239109961
86,3,2.5476190476190474,1.5334065528142578
86,4,3.024390243902439,1.9556048281548186
86,5,3.1315789473684212,1.9475702482778998
86,6,2.7674418604651163,1.3944995569724847
86,7,2.238095238095238,1.5271450137912583
87,1,1594.6923076923076,224.9307988101978
87,2,1969.5576923076924,316.9998709384001
87,3,2169.019230769231,297.90566281400487
87,4,2290.480769230769,344.4006724040153
87,5,2444.3076923076924,440.1848336583228
87,6,2366.2115384615386,346.7597538975319
87,7,2086.0576923076924,330.16896526769847
88,1,723.1538461538462,120.55287418851998
88,2,1078.4615384615386,187.10901315925398
88,3,1214.25,159.97204106208252
88,4,1248.2692307692307,203.12896660473243
88,5,1331.2115384615386,241.76040128391432
88,6,1242.6923076923076,168.39420818850297
88,7,983.6730769230769,194.49670808785828
89,1,37.03846153846154,9.336753305759414
89,2,32.32692307692308,13.483062946724656
89,3,33.30769230769231,13.803293811997623
89,4,33.55769230769231,11.347304182808998
89,5,34.75,12.271240089466644
89,6,37.26923076923077,11.523403950758997
89,7,35.34615384615385,10.514014205857121
90,1,4782.846153846154,653.1352856472124
90,2,4413.4807692307695,549.0991728128084
90,3,4834.653846153846,576.7607953761734
90,4,5032.038461538462,613.3827440094536
90,5,5206.557692307692,818.4643059631534
90,6,5441.7692307692305,683.5084122546891
90,7,5775.153846153846,823.6281615002546
91,1,13.25,5.963532970496271
91,2,13.038461538461538,7.427985076224195
91,3,13.192307692307692,6.860053339809954
91,4,14.173076923076923,7.870822648900012
91,5,13.826923076923077,6.964112921132205
91,6,14.884615384615385,7.384811774663566
91,7,12.096153846153847,7.0939344855778845
92,1,15.5,5.222500340250976
92,2,12.865384615384615,4.919065932988905
92,3,13.403846153846153,4.59863413389627
92,4,12.634615384615385,4.044016864231658
92,5,13.98076923076923,3.8526302938376373
92,6,14.365384615384615,4.428202158774411
92,7,14.98076923076923,4.5610902747830995
93,1,41.55769230769231,33.155849134429324
93,2,43.05769230769231,26.468933667076513
93,3,38.07692307692308,27.96766070390709
93,4,38.94230769230769,37.42622204458954
93,5,35.75,20.54061018243291
93,6,36.38461538461539,24.65221132836935
93,7,37.42307692307692,32.21943522213235
94,1,3.5,1.7871422861709723
94,2,3.152173913043478,3.431665558065858
94,3,3.239130434782609,1.5942226612740793
94,4,2.877551020408163,2.9904894600858163
94,5,3.0,1.8677184190940708
94,6,3.156862745098039,2.301065396894298
94,7,3.56,2.5165574152976915
95,1,36.75,7.816209903457171
95,2,42.09615384615385,10.895690127220773
95,3,45.59615384615385,10.810778237181369
95,4,46.17307692307692,11.48011264863457
95,5,47.40384615384615,9.406421701729585
95,6,51.88461538461539,10.100774278521474
95,7,38.03846153846154,9.640522194101434
96,1,2.3846153846153846,3.4418242032610915
96,2,3.4166666666666665,6.520313853920161
96,3,1.45,0.6863327411532597
96,4,1.5714285714285714,0.7464200272921789
96,5,1.2222222222222223,0.5063696835418332
96,6,1.44,0.58309518948453
96,7,1.3225806451612903,0.83214969703748
97,1,271.34615384615387,55.829532073838045
97,2,203.3653846153846,45.809935066856
97,3,221.21153846153845,43.62376422811154
97,4,244.71153846153845,40.096127894056444
97,5,263.21153846153845,57.27653474923956
97,6,291.8269230769231,58.736941361829416
97,7,324.3076923076923,82.12318305186506
98,1,3.142857142857143,1.443375672974064
98,2,3.63265306122449,1.9863479632965912
98,3,3.836734693877551,1.9931856701386998
98,4,3.5306122448979593,1.9801308965184445
98,5,4.365384615384615,2.409367715884586
98,6,3.56,2.0118019134038794
98,7,2.625,1.8522556691315022
99,1,1.0,0.0
99,2,1.0,0.0
99,3,1.6666666666666667,1.1547005383792517
99,5,1.0,0.0
99,6,1.0,0.0
99,7,2.0,1.4142135623730951
100,1,4613.346153846154,342.3136896791884
100,2,5986.7307692307695,616.7137485593634
100,3,6325.2307692307695,692.95753245043
100,4,6337.403846153846,724.0984457935284
100,5,6361.942307692308,835.385138687341
100,6,6202.788461538462,587.6624793775546
100,7,5242.884615384615,427.04261870455645
101,1,4.232558139534884,2.5619673365295026
101,2,4.16,2.9854066827192054
101,3,5.125,3.467938255603876
101,4,4.767441860465116,2.810161911132063
101,5,3.9574468085106385,2.166518413296466
101,6,4.127659574468085,2.650816291640351
101,7,3.111111111111111,1.7609685122142587
102,1,4.26,2.3194827009486403
102,2,4.191489361702128,2.550688720908791
102,3,4.1,2.2968478844019327
102,4,4.078431372549019,2.0769510081357425
102,5,4.16,2.3066894733645036
102,6,4.769230769230769,2.4222448234885436
102,7,3.64,1.8267848415023749
104,5,1.0,
105,1,1.2307692307692308,0.4385290096535146
105,2,1.1666666666666667,0.38348249442368515
105,3,1.1666666666666667,0.38348249442368515
105,4,1.3888888888888888,1.1950332945836273
105,5,1.0,0.0
105,6,1.2,0.4140393356054125
105,7,1.6,0.9856107606091623
106,1,48.03846153846154,12.274573653330725
106,2,32.71153846153846,10.951473244005939
106,3,33.86538461538461,7.134640285678962
106,4,36.38461538461539,9.661230072606548
106,5,40.63461538461539,12.463324779329659
106,6,42.34615384615385,9.194808030674988
106,7,58.19230769230769,15.581585991840372
107,1,5877.346153846154,852.4245900662551
107,2,5699.576923076923,926.0357073146369
107,3,6483.596153846154,777.8720913962347
107,4,6820.2307692307695,837.8080320947839
107,5,7288.288461538462,1064.2523166945625
107,6,7494.5192307692305,1007.1192364788146
107,7,7311.5,1127.6585058794853
108,1,3.183673469387755,1.7989982095108181
108,2,3.6666666666666665,1.9606049146132614
108,3,4.1,2.6049403612586386
108,4,4.04,2.4740283600902013
108,5,3.6041666666666665,2.111161657973944
108,6,4.538461538461538,2.5854914840660332
108,7,3.04,1.8065639953756842
109,1,1.0,0.0
109,2,1.0,0.0
109,3,1.375,1.0606601717798212
109,4,1.125,0.3535533905932738
109,5,1.0,0.0
109,6,1.0,0.0
109,7,1.0,0.0
110,2,1.0,0.0
110,4,1.0,
110,5,1.0,
110,6,1.0,
111,1,1.64,1.0754843869934452
111,2,1.5789473684210527,1.1697953037312034
111,3,2.0,2.250925735484551
111,4,1.5454545454545454,1.1009637651263606
111,5,1.5,0.8574929257125442
111,6,1.7916666666666667,1.350657381543832
111,7,1.8888888888888888,1.7614096918559585
112,1,151.19230769230768,32.999131575940204
112,2,72.23076923076923,40.322530744872545
112,3,73.92307692307692,19.358178242198104
112,4,84.32692307692308,22.509014450290326
112,5,94.88461538461539,23.035908751469588
112,6,123.0576923076923,27.57763619492337
112,7,179.76923076923077,47.183669235593975
113,1,3822.923076923077,578.4585278795892
113,2,4052.076923076923,566.9135856324672
113,3,4467.884615384615,554.6416491522782
113,4,4572.442307692308,623.061650349102
113,5,4609.788461538462,788.4645375177486
113,6,4726.576923076923,672.9942850368848
113,7,4786.615384615385,699.3721316882752
114,1,4425.5192307692305,682.9753674651105
114,2,2732.9615384615386,453.01776624203177
114,3,2976.6153846153848,364.1552757502106
114,4,3198.2884615384614,399.9917811184282
114,5,3400.673076923077,536.77028793147
114,6,3920.1153846153848,518.8246012068975
114,7,5455.0,796.5557720832959
115,1,1.1428571428571428,0.36313651960128146
115,2,1.2222222222222223,0.4409585518440984
115,3,1.1666666666666667,0.3892494720807615
115,4,1.1666666666666667,0.38924947208076144
115,5,1.0666666666666667,0.2581988897471611
115,6,1.0,0.0
115,7,1.3076923076923077,0.48038446141526137
116,1,375.61538461538464,84.31596826088602
116,2,293.15384615384613,114.88107825825709
116,3,280.5769230769231,43.30301178396943
116,4,289.15384615384613,46.24842747316469
116,5,307.4807692307692,54.90722670555053
116,6,365.63461538461536,63.38863287909388
116,7,402.21153846153845,102.72833706822286
117,1,2.7111111111111112,1.5465830698411231
117,2,2.6216216216216215,1.3814515584733358
117,3,2.242424242424242,1.1734112405265
117,4,2.2857142857142856,1.362770287738494
117,5,2.1538461538461537,1.7250242033155043
117,6,2.263157894736842,1.349358416640149
117,7,2.45,1.449137674618944
118,1,1.3333333333333333,0.48304589153964805
118,2,1.3333333333333333,0.5940885257860047
118,3,2.8823529411764706,4.9985291954381
118,4,1.4705882352941178,0.7174300539794394
118,5,1.1111111111111112,0.32338083338177726
118,6,1.2105263157894737,0.4188539082916955
118,7,1.2,0.4103913408340616
119,1,13.461538461538462,5.795405680234276
119,2,11.923076923076923,9.58725901626462
119,3,10.01923076923077,4.3317812512229255
119,4,11.634615384615385,3.9408809911522757
119,5,12.0,5.759901959949952
119,6,10.98076923076923,5.081648584648315
119,7,14.115384615384615,4.945403277252589
120,1,2.1363636363636362,1.2312011357964503
120,2,1.7777777777777777,1.3333333333333333
120,3,2.2972972972972974,4.22206416647424
120,4,1.8717948717948718,0.767068485911312
120,5,1.6904761904761905,0.840676128528589
120,6,2.027027027027027,1.0404722882338495
120,7,2.388888888888889,1.9752436056312905
121,1,6.230769230769231,3.2456026638489974
121,2,5.9411764705882355,3.629940851892121
121,3,6.173076923076923,3.072465662764806
121,4,5.365384615384615,2.9374448423947666
121,5,6.269230769230769,3.2666789792608175
121,6,6.403846153846154,2.702646599637832
121,7,5.538461538461538,2.2532028485964326
122,1,3.108695652173913,1.8040480514611232
122,2,2.7777777777777777,1.5504968249049733
122,3,3.0,1.8090680674665818
122,4,2.772727272727273,1.7502642506621329
122,5,3.4130434782608696,2.0174360731331102
122,6,3.088888888888889,1.6489972465689318
122,7,2.7906976744186047,2.2631429845080038
123,1,5.313725490196078,2.3873851476327097
123,2,9.384615384615385,5.076488852037076
123,3,9.673076923076923,6.233122007048404
123,4,11.98076923076923,6.470113447547325
123,5,9.25,4.77688470145349
123,6,9.076923076923077,4.2833290784116524
123,7,4.92,2.230036148695755
124,1,4.5,2.3408528011677054
124,2,5.957446808510638,2.9705617007161
124,3,6.288461538461538,3.133228232247764
124,4,5.86,3.8066000685168717
124,5,5.666666666666667,3.1283648551066845
124,6,6.884615384615385,3.269909431820351
124,7,3.82,1.9968342291676369
125,1,1405.0576923076924,210.9429263449293
125,2,1539.2884615384614,225.63490695546736
125,3,1661.923076923077,250.88563492148123
125,4,1709.9807692307693,293.82771331704254
125,5,1720.75,337.7300160268409
125,6,1694.3076923076924,283.78931279615733
125,7,1679.6153846153845,258.9475042450711
126,1,4.64,2.693605428432612
126,2,4.82,3.12128963404421
126,3,6.480769230769231,6.421441975424256
126,4,5.469387755102041,2.32828657328666
126,5,4.653846153846154,2.342150975397091
126,6,5.42,2.250532816731112
126,7,5.769230769230769,2.8602439537761675
127,1,35.19230769230769,15.054200718604031
127,2,23.423076923076923,16.362734027561284
127,3,21.0,6.265373249917704
127,4,21.153846153846153,5.788374472569203
127,5,23.365384615384617,6.9902701177965
127,6,29.653846153846153,7.689780882124207
127,7,36.48076923076923,16.02264376194428
128,1,1.9473684210526316,1.1137316970571831
128,2,2.4468085106382977,1.3156005512163549
128,3,2.159090909090909,1.1602562230693905
128,4,2.723404255319149,1.7029657973482675
128,5,2.784313725490196,1.4739569259675955
128,6,2.8222222222222224,1.9573740397055264
128,7,1.8666666666666667,1.0995866992151684
129,1,213.01923076923077,32.70155622885307
129,2,152.0,68.45952002718789
129,3,123.07692307692308,25.301202136708728
129,4,122.0,18.230549667425567
129,5,125.51923076923077,23.31076531967234
129,6,140.73076923076923,19.6410089040566
129,7,191.44230769230768,25.446147257618595
130,1,31.096153846153847,8.11983679780118
130,2,37.40384615384615,10.747110173153827
130,3,32.26923076923077,9.085898111618961
130,4,33.01923076923077,10.758472055329657
130,5,31.692307692307693,9.099748890175674
130,6,41.76923076923077,13.251141844422147
130,7,32.34615384615385,13.105730845529948
131,1,5.215686274509804,3.048368255248674
131,2,5.490196078431373,3.0748824304002773
131,3,5.634615384615385,2.9038773684057433
131,4,5.9423076923076925,3.2504205552238963
131,5,6.25,3.235071293574502
131,6,6.666666666666667,4.250490167812022
131,7,4.8,2.5475077857324298
132,1,7561.903846153846,846.6826444288756
132,2,8173.384615384615,1280.9785498785172
132,3,6849.826923076923,911.5310912093605
132,4,6562.634615384615,945.6001109129973
132,5,6916.711538461538,812.6013260870122
132,6,7096.307692307692,856.5081764993587
132,7,6387.5192307692305,716.0658719393485
133,1,14.192307692307692,5.0799045133007565
133,2,12.403846153846153,5.09617163262783
133,3,12.557692307692308,4.92458204273479
133,4,13.673076923076923,5.697337368631599
133,5,14.51923076923077,5.699984123181826
133,6,12.5,4.746515749969221
133,7,14.846153846153847,5.340869487061826
134,1,15.26923076923077,4.765543750698234
134,2,18.692307692307693,5.83612301318587
134,3,19.384615384615383,5.099611081494723
134,4,18.28846153846154,5.11566812174373
134,5,20.25,6.591363928002501
134,6,20.53846153846154,6.515325939393279
134,7,13.692307692307692,3.387048350838833
135,1,9.692307692307692,4.448125675058669
135,2,10.403846153846153,5.86869266059271
135,3,10.557692307692308,4.002026259031653
135,4,12.576923076923077,4.716870655241729
135,5,12.23076923076923,5.400128482913704
135,6,10.903846153846153,3.6042437698271548
135,7,9.057692307692308,3.58872669285613
136,1,7.0576923076923075,2.9928900161160485
136,2,6.423076923076923,5.218166434212626
136,3,6.903846153846154,4.006169826873247
136,4,6.431372549019608,2.913794103644143
136,5,7.9,4.532197736918659
136,6,7.333333333333333,4.097153483415854
136,7,6.5576923076923075,3.2017976662534346
137,1,3007.7115384615386,419.36255719133686
137,2,3206.5,613.5091766256813
137,3,3452.8846153846152,369.92302611336424
137,4,3570.423076923077,378.46974371539125
137,5,3756.153846153846,489.8428473326483
137,6,4078.5,507.5627460486738
137,7,3733.0,604.4705672459714
138,1,7918.961538461538,1320.205954840981
138,2,9429.865384615385,1545.8432311359616
138,3,8567.596153846154,1396.6449470857694
138,4,8233.326923076924,1837.3634319920816
138,5,8608.653846153846,1883.4918019529935
138,6,8062.307692307692,1401.5296061098434
138,7,4641.615384615385,791.6800491049585
139,1,4.46,2.409250878575821
139,2,5.770833333333333,3.0959107093983467
139,3,4.354166666666667,3.049168587994797
139,4,5.958333333333333,3.4944231151652803
139,5,4.94,3.4131199444353024
139,6,6.081632653061225,3.0127281012804485
139,7,3.4545454545454546,2.118078829533593
140,1,3045.3076923076924,483.62692388689015
140,2,5063.9807692307695,866.6987736975336
140,3,5555.115384615385,667.2875928139069
140,4,5651.788461538462,787.5540525872533
140,5,5581.692307692308,826.5011900745035
140,6,5451.403846153846,752.9775472426677
140,7,3722.2115384615386,614.4123395583038
141,1,5601.2307692307695,942.6469119470545
141,2,6141.9807692307695,998.2512256074858
141,3,6657.942307692308,694.3962369290585
141,4,6844.5192307692305,798.7804304647894
141,5,6994.2692307692305,985.0291548464115
141,6,7283.096153846154,945.4431528542763
141,7,6908.038461538462,1231.2906023808157
142,1,7212.307692307692,1225.4826586314205
142,2,7763.115384615385,1385.380427031438
142,3,8581.5,1124.6628165723232
142,4,8868.26923076923,1236.6175104978838
142,5,8944.423076923076,1422.8244534514324
142,6,8938.211538461539,1213.1852151006306
142,7,8874.288461538461,1624.2547532310518
143,1,2690.4615384615386,477.47540585624586
143,2,3094.25,520.3297549838647
143,3,3349.3076923076924,451.0741227929104
143,4,3387.980769230769,529.0432537409475
143,5,3473.923076923077,562.4470989034052
143,6,3520.596153846154,528.748884377088
143,7,3108.1153846153848,569.904452048372
144,1,3364.5,416.4227913749085
144,2,2260.423076923077,415.99025941433024
144,3,2366.1153846153848,243.83445475834657
144,4,2494.6153846153848,265.88506685837126
144,5,2673.173076923077,392.0249952592231
144,6,3018.730769230769,366.0067027879014
144,7,3991.7884615384614,472.0746591227091
145,1,311.4807692307692,55.3999682822219
145,2,333.2307692307692,54.77677172821805
145,3,319.96153846153845,53.10439645713831
145,4,334.34615384615387,52.05008320250443
145,5,345.09615384615387,49.89764410147866
145,6,356.25,45.12330600807125
145,7,381.3269230769231,79.0042741841637
146,1,319.38461538461536,64.57588751901731
146,2,245.03846153846155,79.32903964450888
146,3,239.51923076923077,52.78386948517562
146,4,241.98076923076923,43.698382607757196
146,5,244.6346153846154,30.644085151153252
146,6,272.9807692307692,37.25139312284522
146,7,403.9230769230769,101.0266604599016
147,1,5.211538461538462,2.8924278319774177
147,2,4.82,3.6460210350127027
147,3,3.857142857142857,2.1984843263788196
147,4,4.076923076923077,2.1036490597330717
147,5,4.673469387755102,2.59316212295305
147,6,4.823529411764706,2.3126251953391943
147,7,5.5,2.6971299197334875
148,1,6111.346153846154,992.8629011969136
148,2,2011.7692307692307,711.418456473517
148,3,2093.6923076923076,243.3026468801436
148,4,2540.5384615384614,341.91992306068107
148,5,2956.173076923077,468.84215836144
148,6,3794.6153846153848,579.7969270541349
148,7,6830.4807692307695,1055.9321221942957
149,1,3.375,2.0486113615418367
149,2,5.372549019607843,3.903643345971686
149,3,5.098039215686274,2.8653439720967837
149,4,5.788461538461538,4.1080339196221605
149,5,6.34,3.5720570875525905
149,6,5.82,3.9728157906102886
149,7,3.382978723404255,2.027562163196093
150,1,2.7906976744186047,1.5048831553263327
150,2,3.4468085106382977,1.9539092435678556
150,3,3.14,1.6904292414674336
150,4,3.6875,2.407048603315563
150,5,3.688888888888889,1.9402696886377582
150,6,3.4565217391304346,1.7346984590877323
150,7,2.488372093023256,1.6528776209020584
151,1,2431.6923076923076,392.18560724216223
151,2,2267.8076923076924,419.21687206268444
151,3,2374.4423076923076,245.00791611553296
151,4,2404.730769230769,300.9106515415521
151,5,2436.769230769231,330.1540707112966
151,6,2647.0384615384614,325.9018835591329
151,7,2708.730769230769,449.6794987362781
152,1,283.25,59.45533007653565
152,2,254.26923076923077,75.01950475385935
152,3,253.5,41.169425167561556
152,4,258.11538461538464,50.84951032064291
152,5,274.75,51.88595147806689
152,6,310.6923076923077,52.132011339817325
152,7,312.5,85.17237423797305
153,1,4.294117647058823,1.868626422237027
153,2,4.352941176470588,2.2165155484387173
153,3,4.764705882352941,2.093687992936079
153,4,4.6923076923076925,2.4053735720499088
153,5,5.333333333333333,2.811879561195085
153,6,5.3076923076923075,2.4776527596874276
153,7,6.211538461538462,3.3392293255611816
154,1,1.6296296296296295,0.838870492807861
154,2,1.75,0.7620007620011432
154,3,1.53125,0.6712710620231422
154,4,1.4838709677419355,0.8112117578838661
154,5,1.8666666666666667,1.0742546199601597
154,6,1.8611111111111112,0.9900296612519901
154,7,1.3,0.534983080621924
155,1,5.403846153846154,3.3092835276028176
155,2,8.862745098039216,6.238652443735384
155,3,8.862745098039216,6.353013797696765
155,4,9.84,6.383524712500301
155,5,9.865384615384615,6.3122316558109155
155,6,9.76923076923077,6.326462892487009
155,7,5.923076923076923,3.105000103224739
156,1,1.3125,0.47871355387816905
156,2,1.3333333333333333,0.9701425001453319
156,3,1.3478260869565217,0.5727680517510725
156,4,1.3636363636363635,0.6579516949597689
156,5,1.2,0.5231483637805969
156,6,1.4583333333333333,0.7790276362049131
156,7,1.75,1.332784974957958
157,1,17.865384615384617,5.6012213169385925
157,2,15.307692307692308,5.546730043726564
157,3,12.942307692307692,5.0852090844802875
157,4,11.634615384615385,4.554802878383997
157,5,12.673076923076923,4.166726998054919
157,6,14.557692307692308,4.569349983971254
157,7,14.673076923076923,5.283051531469563
158,1,3123.5384615384614,448.5662327442526
158,2,2105.923076923077,315.2539496823901
158,3,2172.2115384615386,306.5892913813912
158,4,2426.0384615384614,332.44217905264827
158,5,2626.25,443.98917470463397
158,6,2995.6153846153848,397.5456641101628
158,7,3746.3653846153848,526.0073073691387
159,1,21.673076923076923,6.080251393945374
159,2,17.865384615384617,10.581205769450142
159,3,17.03846153846154,9.098505670156186
159,4,17.557692307692307,6.219556322170059
159,5,17.21153846153846,6.631288102657921
159,6,21.73076923076923,6.065380335343203
159,7,23.173076923076923,8.377657386649592
160,1,5.134615384615385,2.671775837094168
160,2,6.711538461538462,6.693094300263309
160,3,4.8,2.531435020952764
160,4,5.7254901960784315,3.388677803347784
160,5,5.288461538461538,2.286675285482572
160,6,5.769230769230769,3.660147777019792
160,7,5.653846153846154,2.6486001880728285
161,1,6775.75,901.2995818674888
161,2,11634.01923076923,1963.5022879836536
161,3,12748.865384615385,1899.6458186791922
161,4,12621.038461538461,2110.7478459256895
161,5,12418.923076923076,2158.6615392473273
161,6,11434.557692307691,1293.1193235125793
161,7,8353.557692307691,1039.641084625665
162,1,6409.538461538462,645.0647470630131
162,2,10396.038461538461,1452.8463740970685
162,3,11597.711538461539,1566.10780607735
162,4,11682.346153846154,1742.662363489317
162,5,11641.288461538461,1970.1352132012728
162,6,10402.865384615385,1252.9989598112538
162,7,7275.192307692308,812.2538490113702
163,1,5867.538461538462,804.4218594142435
163,2,7462.384615384615,1018.1550240960391
163,3,8079.288461538462,1051.7945698277565
163,4,8200.076923076924,1161.5913838292813
163,5,8294.673076923076,1366.8120446994326
163,6,7893.2307692307695,1001.0135964167325
163,7,6832.096153846154,916.4685046333657
164,1,5835.4807692307695,585.3753778185924
164,2,6264.9807692307695,911.0741880294461
164,3,6832.288461538462,729.2070454667667
164,4,7062.057692307692,840.4096436591826
164,5,7192.307692307692,1015.4748051722742
164,6,7242.9807692307695,749.3109119452225
164,7,6996.788461538462,654.5105441574434
165,1,8.01923076923077,3.943176705898006
165,2,11.653846153846153,6.546618990834992
165,3,11.51923076923077,6.512402600574988
165,4,12.98076923076923,7.127660520445748
165,5,12.173076923076923,6.070569162339816
165,6,10.942307692307692,5.592058309671243
165,7,7.019230769230769,3.2448474063967008
166,1,1249.826923076923,271.59541140495963
166,2,1410.076923076923,319.4773824363567
166,3,1510.0192307692307,305.1952438650184
166,4,1525.8076923076924,355.30980894400454
166,5,1608.0384615384614,361.0491771152871
166,6,1624.9615384615386,344.89105762393905
166,7,1393.8653846153845,370.92010813842086
167,1,11.211538461538462,4.04065874294317
167,2,7.9423076923076925,5.019231491594522
167,3,8.134615384615385,3.3138381642111314
167,4,8.038461538461538,3.34289729016752
167,5,9.01923076923077,4.771197837906794
167,6,8.942307692307692,3.3572482986462586
167,7,9.403846153846153,3.075900093896416
168,1,60.59615384615385,13.01621856382865
168,2,54.46153846153846,20.37824824434858
168,3,56.67307692307692,43.83960120124455
168,4,49.80769230769231,9.675192578594022
168,5,52.46153846153846,8.240173086087923
168,6,62.25,11.715374513859983
168,7,66.61538461538461,16.37328508745428
169,1,8.923076923076923,3.9499126515343512
169,2,7.5,6.7082039324993685
169,3,7.25,3.6668894762962987
169,4,7.4423076923076925,3.207915831486302
169,5,7.019230769230769,3.632588795537703
169,6,9.134615384615385,4.111337009542416
169,7,8.192307692307692,3.469974637068757
170,1,6688.134615384615,648.0189427407421
170,2,8829.173076923076,1303.4221732093847
170,3,9793.442307692309,1252.8855073970444
170,4,10001.134615384615,1406.4490542880294
170,5,10388.76923076923,1660.6533159866437
170,6,9926.173076923076,1237.1274558452062
170,7,8056.307692307692,1007.2613722845375
171,1,3.5510204081632653,1.8491126756027687
171,2,4.196078431372549,2.3239587590414534
171,3,4.4,2.885572839532023
171,4,4.530612244897959,2.5666291189054964
171,5,4.769230769230769,2.373178431401647
171,6,4.354166666666667,2.1781270827599757
171,7,3.7755102040816326,2.074300144249953
172,1,1.4,0.5477225575051661
172,2,1.25,0.4629100498862757
172,3,1.125,0.35355339059327373
172,4,1.0909090909090908,0.30151134457776363
172,5,1.25,0.46291004988627577
172,6,1.0,0.0
172,7,1.3,0.48304589153964794
173,1,17.076923076923077,6.428631281293829
173,2,9.846153846153847,9.730454749030288
173,3,7.230769230769231,3.90382107742208
173,4,6.211538461538462,2.57694558869976
173,5,6.769230769230769,2.6242861559011237
173,6,8.01923076923077,3.1027526337891764
173,7,14.73076923076923,6.831631690419536
174,1,5.153846153846154,2.476434940611797
174,2,7.173076923076923,3.341487011039727
174,3,8.115384615384615,3.9638258709793175
174,4,7.9423076923076925,3.7751169909853055
174,5,7.254901960784314,3.654274960945889
174,6,8.23076923076923,4.056538583451992
174,7,5.76,2.6151832963426074
175,1,2.272727272727273,1.207797079130091
175,2,3.02,1.8570329637815879
175,3,3.42,1.9492541744817922
175,4,3.9019607843137254,2.012509895238126
175,5,3.8636363636363638,1.9717883405787457
175,6,3.6222222222222222,1.8499249234015476
175,7,3.0238095238095237,1.880426719061592
176,1,1.0,0.0
176,2,1.0,0.0
176,3,1.0,0.0
176,4,1.0,0.0
176,5,1.1,0.316227766016838
176,6,1.1428571428571428,0.3779644730092272
176,7,1.0,0.0
177,1,15.403846153846153,5.229102631313374
177,2,9.98076923076923,4.569680061806295
177,3,11.365384615384615,5.017728750137331
177,4,11.196078431372548,4.694761369199237
177,5,11.442307692307692,5.146533047914198
177,6,13.692307692307692,5.297200376145659
177,7,12.596153846153847,4.657945416734619
178,1,4.1020408163265305,2.219655547218829
178,2,5.153846153846154,4.165143009500725
178,3,5.4,4.819179369552287
178,4,5.215686274509804,2.5947155951294247
178,5,5.2745098039215685,3.3827706476942776
178,6,5.519230769230769,2.3803969401677905
178,7,4.470588235294118,2.5795576456165548
179,1,179.96153846153845,32.056299456450496
179,2,147.21153846153845,48.35543911189696
179,3,137.1346153846154,22.129767766919695
179,4,140.42307692307693,27.664195132114223
179,5,149.6346153846154,25.932059684047726
179,6,168.01923076923077,33.43679456480885
179,7,190.5,43.36461917368156
180,1,3.784313725490196,2.238872265138823
180,2,4.938775510204081,2.7188245259157657
180,3,3.94,2.315960593228597
180,4,4.081632653061225,2.352629155982351
180,5,4.5,2.4598821939603663
180,6,5.078431372549019,2.2524931720642525
180,7,3.9,2.1404748662530992
181,1,309.6730769230769,80.70297055879404
181,2,204.21153846153845,65.12020153966908
181,3,223.8846153846154,50.31183303146911
181,4,257.7307692307692,52.763666711922866
181,5,277.5192307692308,89.58849067900285
181,6,296.59615384615387,68.88588449716138
181,7,360.2692307692308,109.51624740857181
182,1,7.480769230769231,3.827098345956493
182,2,8.16326530612245,6.7772503605060646
182,3,8.23076923076923,4.381849303461994
182,4,8.84,6.2868830082309985
182,5,7.788461538461538,4.68345665232187
182,6,8.538461538461538,4.127675785553968
182,7,6.826923076923077,2.8056047116242846
183,1,2.1363636363636362,1.0909971775571339
183,2,2.085714285714286,1.462701541094193
183,3,2.4615384615384617,1.8187062180825984
183,4,2.263157894736842,1.349358416640149
183,5,2.65,1.6416064677235511
183,6,2.58974358974359,1.4089553561704897
183,7,2.1463414634146343,1.2953952217326592
184,1,1.4444444444444444,0.8006407690254358
184,2,1.4705882352941178,0.7174300539794393
184,3,1.3571428571428572,0.633323693776651
184,4,1.3125,0.6020797289396148
184,5,1.3846153846153846,0.7679476477883045
184,6,1.4666666666666666,0.6399404734221844
184,7,1.4,0.6454972243679028
185,1,3.625,1.7335856335745778
185,2,4.708333333333333,2.858048235476801
185,3,5.423076923076923,3.182958014089569
185,4,5.24,3.449696821934546
185,5,5.32,3.0999670834328783
185,6,4.980769230769231,3.5006463527294254
185,7,4.08,2.2753335705216626
186,1,9178.288461538461,1013.9036063657668
186,2,9766.653846153846,1244.467488047979
186,3,9707.961538461539,788.7957055907257
186,4,9724.115384615385,1043.09241697316
186,5,9814.307692307691,1203.9879410910266
186,6,9857.73076923077,764.0942636485192
186,7,9085.173076923076,795.6820165228053
187,1,1.4166666666666667,0.5149286505444373
187,2,1.6,0.6992058987801011
187,3,1.5,0.5222329678670935
187,4,1.0,0.0
187,5,1.1428571428571428,0.3779644730092272
187,6,1.4545454545454546,0.6875516509523286
187,7,1.6666666666666667,0.5773502691896258
188,1,48.5,12.386741805213333
188,2,35.01923076923077,13.536429257516204
188,3,34.67307692307692,7.261829170114621
188,4,38.26923076923077,9.99630399269294
188,5,36.03846153846154,8.16967500844371
188,6,42.19230769230769,9.03378942819019
188,7,46.48076923076923,14.249169751686168
189,1,75.8076923076923,21.80667145761434
189,2,48.53846153846154,22.239746735105346
189,3,49.94230769230769,11.972867138297001
189,4,55.32692307692308,9.654260776010853
189,5,59.21153846153846,13.671691862057187
189,6,69.13461538461539,14.083823074655193
189,7,87.96153846153847,25.548847131398897
190,1,18.596153846153847,9.358355007502947
190,2,7.5576923076923075,4.844295053992453
190,3,8.51923076923077,4.884912284180006
190,4,10.76923076923077,5.744956473888886
190,5,13.807692307692308,7.404393135658766
190,6,13.365384615384615,6.7476323985843605
190,7,22.307692307692307,10.969723862931065
191,1,7.865384615384615,4.058536615211643
191,2,8.01923076923077,4.207791021312096
191,3,8.942307692307692,4.285925262349948
191,4,8.403846153846153,4.44248479924845
191,5,7.3076923076923075,4.123288529271987
191,6,9.823529411764707,4.889604819831318
191,7,8.211538461538462,4.394009016124776
192,1,3.2941176470588234,1.6406598385656768
192,2,3.92,1.914925266298976
192,3,4.615384615384615,2.643184696415768
192,4,3.5416666666666665,1.6625836511776244
192,5,4.0638297872340425,2.0684404471585007
192,6,3.823529411764706,1.7630188014078712
192,7,2.4705882352941178,1.3616598867040268
193,1,126.73076923076923,20.733713556139776
193,2,164.1153846153846,37.45410464490015
193,3,164.34615384615384,30.05477653818409
193,4,172.44230769230768,27.084047443886323
193,5,172.6346153846154,26.80944291217061
193,6,172.78846153846155,21.761034197653217
193,7,170.48076923076923,31.088419371279148
194,1,19.826923076923077,22.035373659361717
194,2,12.788461538461538,5.406374373019019
194,3,12.307692307692308,5.15842528615864
194,4,16.71153846153846,33.27033450945513
194,5,15.75,18.440019352633286
194,6,17.03846153846154,15.344362876852559
194,7,18.923076923076923,22.850619894492898
195,1,23.98076923076923,23.725133842979048
195,2,10.557692307692308,4.398812056829914
195,3,12.326923076923077,10.836975835022832
195,4,13.25,8.998638241205077
195,5,16.865384615384617,19.598948397313134
195,6,19.576923076923077,16.227966847204453
195,7,26.28846153846154,19.04518521673308
196,1,22.076923076923077,5.519470540984013
196,2,25.134615384615383,11.550450031388467
196,3,21.076923076923077,5.786550172246638
196,4,20.73076923076923,4.9906398057956
196,5,22.865384615384617,6.08446703211191
196,6,25.596153846153847,9.08189238158927
196,7,24.557692307692307,6.7254665602089405
197,1,13.634615384615385,5.797324758798179
197,2,18.153846153846153,7.373467578604384
197,3,16.403846153846153,8.402286372743596
197,4,17.442307692307693,7.9838402021869985
197,5,18.173076923076923,9.004837814885851
197,6,20.403846153846153,8.07625329407052
197,7,13.942307692307692,6.238443312421186
198,1,14.307692307692308,4.667528470305901
198,2,8.653846153846153,8.38973372496811
198,3,7.3076923076923075,2.7335135871109295
198,4,6.9423076923076925,3.4833692363575834
198,5,8.288461538461538,3.7747174337126292
198,6,9.384615384615385,4.107161827898066
198,7,13.48076923076923,3.6487461430318207
199,1,5.0,
199,2,1.0,0.0
199,3,1.0,0.0
199,4,1.0,0.0
199,5,3.0,
199,6,1.0,
199,7,1.0,0.0
200,1,4.9423076923076925,2.444790071090844
200,2,4.803921568627451,3.5271496018350974
200,3,5.42,2.7336900381151104
200,4,5.788461538461538,3.9424116161853116
200,5,5.56,3.802040268603376
200,6,5.215686274509804,2.6631840003288993
200,7,3.7755102040816326,2.0743001442499525
201,1,1.4642857142857142,0.8811668550592597
201,2,1.3,0.7326950970650465
201,3,1.375,0.6191391873668904
201,4,1.7619047619047619,1.1791845447071423
201,5,1.631578947368421,1.1647854507156374
201,6,1.4166666666666667,0.5036101551853348
201,7,1.4444444444444444,0.6156987634551992
202,1,12.557692307692308,4.534890713768306
202,2,10.384615384615385,5.924868977301526
202,3,9.615384615384615,3.763362316812164
202,4,9.538461538461538,2.98007460402429
202,5,10.403846153846153,3.8463612312113002
202,6,13.096153846153847,4.9478044859077865
202,7,17.384615384615383,6.231337143364053
203,1,4.92,2.9335497755644586
203,2,5.3076923076923075,3.0067796696632842
203,3,5.229166666666667,2.799996833838129
203,4,5.788461538461538,3.057209662430814
203,5,5.673469387755102,3.3565095653945387
203,6,6.98,4.017766665647948
203,7,4.62,2.039307605586779
204,1,1.0,0.0
204,2,1.6666666666666667,1.1547005383792517
204,3,1.0,0.0
204,4,1.0,
204,5,1.0,0.0
204,6,1.0,0.0
204,7,1.5,0.7071067811865476
205,1,9.692307692307692,5.237640770866741
205,2,10.568627450980392,6.1587495547741975
205,3,10.431372549019608,6.077021974489758
205,4,12.72549019607843,8.688103202362525
205,5,11.03921568627451,7.141318601809404
205,6,11.442307692307692,6.77484812517265
205,7,7.88,3.9467889298951437
206,1,1.263157894736842,0.45241392835886407
206,2,1.5333333333333334,0.7432233529572065
206,3,1.4545454545454546,0.6709817063202618
206,4,1.5454545454545454,0.5958006000151015
206,5,2.125,1.1474609652039003
206,6,1.5238095238095237,0.749603069567329
206,7,1.5,0.8591246929842246
207,1,3.7,2.002549395553741
207,2,17.01923076923077,9.12976254360233
207,3,20.846153846153847,10.018384307498392
207,4,19.75,11.05223781794048
207,5,19.923076923076923,7.180709872183711
207,6,20.71153846153846,8.3062380018628
207,7,3.020408163265306,2.1841264073458078
208,1,5.176470588235294,3.044377653005232
208,2,4.38,2.842031466599703
208,3,4.9411764705882355,2.708591993681458
208,4,4.108695652173913,2.46962220115246
208,5,5.403846153846154,2.7813074608093125
208,6,4.764705882352941,2.888516818674371
208,7,3.9607843137254903,2.029391872593615
209,1,513.1346153846154,88.31317465416033
209,2,479.3076923076923,74.76146078093676
209,3,524.7884615384615,68.68151463449745
209,4,559.5769230769231,89.75879358392146
209,5,627.3846153846154,113.42098464866505
209,6,652.2307692307693,109.97960869546885
209,7,656.3461538461538,104.20509276165954
210,1,6.137254901960785,3.2374039466408098
210,2,8.72,5.330084044212375
210,3,8.615384615384615,4.847290919775203
210,4,8.58,4.686454645343017
210,5,9.183673469387756,5.302017970341399
210,6,8.576923076923077,5.3149664889141635
210,7,6.0588235294117645,3.5575933702764986
211,1,2264.6923076923076,275.5124664245785
211,2,1872.423076923077,275.6225997559512
211,3,1993.6538461538462,234.84253252542703
211,4,2079.576923076923,258.17909471374645
211,5,2140.9423076923076,351.53804432285114
211,6,2274.3076923076924,249.69248054682976
211,7,2787.3846153846152,296.4275630754158
212,1,6.5,2.726054392160877
212,2,5.54,4.3151843907915
212,3,7.078431372549019,5.145262431615716
212,4,5.115384615384615,2.5410654408457556
212,5,5.25,3.0925273628855865
212,6,6.078431372549019,3.1676056399425856
212,7,6.392156862745098,3.206733112515284
213,1,11.096153846153847,5.591518841626076
213,2,12.346153846153847,8.7601696988322
213,3,12.788461538461538,6.393429649629861
213,4,11.73076923076923,6.823015791768401
213,5,12.423076923076923,6.728185239826398
213,6,12.137254901960784,6.390679487638657
213,7,9.76923076923077,4.812627934089219
214,1,1.1666666666666667,0.38924947208076144
214,2,1.0,0.0
214,3,1.5,0.7595545253127499
214,4,1.1176470588235294,0.3321055820775357
214,5,1.25,0.4629100498862757
214,6,1.3846153846153846,1.12089707663561
214,7,1.2666666666666666,0.5936168397046636
215,1,31.71153846153846,7.231023951740761
215,2,31.192307692307693,6.936797197154424
215,3,29.78846153846154,7.399884838694632
215,4,30.01923076923077,8.430780171410147
215,5,29.76923076923077,7.31534885076894
215,6,31.442307692307693,7.505327419118699
215,7,24.96153846153846,6.287122033894359
216,1,37.40384615384615,11.044046600282009
216,2,36.59615384615385,11.199193975521517
216,3,34.13461538461539,9.317975135912532
216,4,36.17307692307692,13.51066558184885
216,5,34.73076923076923,10.196338028949576
216,6,42.51923076923077,13.141000625367058
216,7,29.057692307692307,8.470047483577487
217,1,27.615384615384617,8.04924511417027
217,2,19.826923076923077,9.993568821891825
217,3,19.76923076923077,6.670436339948774
217,4,22.115384615384617,7.139104810564786
217,5,21.403846153846153,6.806166798255182
217,6,17.365384615384617,6.170864007111846
217,7,22.0,5.7701055143782956
218,1,8.826923076923077,4.032812252093256
218,2,11.058823529411764,4.793377784843929
218,3,11.647058823529411,6.405695994696485
218,4,11.75,6.761700099478985
218,5,11.942307692307692,5.723749838802755
218,6,12.653846153846153,6.296231725139378
218,7,8.576923076923077,3.9474298108533707
219,1,22.826923076923077,6.676623409391124
219,2,27.75,7.755769515935458
219,3,27.153846153846153,8.481547711574251
219,4,26.326923076923077,8.64942739541044
219,5,26.192307692307693,8.800709555926886
219,6,26.596153846153847,7.426131960680194
219,7,18.826923076923077,6.028433132513167
220,1,10.442307692307692,4.108401060755644
220,2,8.442307692307692,4.504522614206799
220,3,10.115384615384615,4.693148306376119
220,4,9.288461538461538,4.28099557076658
220,5,11.134615384615385,5.4665788353316485
220,6,10.288461538461538,4.127081950950848
220,7,9.923076923076923,4.176714882494745
221,1,1.5,0.7768193328323317
221,2,1.5,0.9999999999999998
221,3,1.7857142857142858,1.1217137594956024
221,4,1.4,1.0
221,5,1.5789473684210527,0.7685331969757722
221,6,1.565217391304348,0.945135245565981
221,7,1.2380952380952381,0.5389584311207966
222,1,8.942307692307692,5.754498535377793
222,2,5.2745098039215685,4.833542929870589
222,3,6.510204081632653,4.168944955359369
222,4,6.469387755102041,3.926947716400988
222,5,5.673469387755102,3.7770565871568604
222,6,6.313725490196078,3.880671055775953
222,7,4.6938775510204085,2.686417081298784
223,1,159.42307692307693,33.71294401663071
223,2,128.42307692307693,41.80080970875676
223,3,115.4423076923077,17.76581147359258
223,4,117.61538461538461,19.28339105130127
223,5,130.3846153846154,22.175020256554042
223,6,151.67307692307693,27.37160483295091
223,7,164.42307692307693,41.2663971706393
224,1,628.0576923076923,106.96479418280641
224,2,536.0576923076923,129.9762291180453
224,3,590.6730769230769,75.73993718286647
224,4,589.9230769230769,81.06928679182484
224,5,615.5769230769231,85.3119641182845
224,6,674.0576923076923,94.80763050732399
224,7,772.0192307692307,137.3664756865151
225,1,44.13461538461539,9.739808844107705
225,2,25.423076923076923,17.59049002633286
225,3,24.403846153846153,9.135708039754334
225,4,26.46153846153846,8.883696321454545
225,5,27.307692307692307,9.321151282797764
225,6,33.71153846153846,8.816954563952647
225,7,38.98076923076923,10.146940782315577
226,1,461.71153846153845,73.35017717568496
226,2,431.88461538461536,91.15805146506803
226,3,414.4423076923077,50.72973891374181
226,4,415.8076923076923,53.08337447403403
226,5,416.90384615384613,49.86029880257187
226,6,456.38461538461536,60.782529044981935
226,7,522.4423076923077,93.62239833010014
227,1,5.634615384615385,2.6937025044543748
227,2,6.653846153846154,3.452107145001898
227,3,6.961538461538462,3.709878378967025
227,4,7.076923076923077,4.584056572582138
227,5,7.784313725490196,3.7858353133235796
227,6,7.846153846153846,3.821428823146791
227,7,5.711538461538462,3.877216195914828
228,1,29.192307692307693,10.409344334399576
228,2,23.423076923076923,11.015757259215858
228,3,23.134615384615383,7.913822224570857
228,4,24.442307692307693,6.991348888163006
228,5,25.115384615384617,6.348239978888841
228,6,28.5,8.562343457850549
228,7,37.44230769230769,12.901456767628936
229,1,4114.211538461538,566.3380593879527
229,2,4972.653846153846,770.1095894668748
229,3,5641.288461538462,627.4082180057225
229,4,5810.538461538462,714.147248548471
229,5,5950.615384615385,896.7948407664596
229,6,5843.153846153846,718.8161123112436
229,7,5120.365384615385,798.0110822574658
230,1,8508.384615384615,1128.8995188590707
230,2,8986.288461538461,1075.141528969667
230,3,10064.0,1080.369744260605
230,4,10285.153846153846,1214.8990660022553
230,5,10038.865384615385,1316.9471088110301
230,6,9922.576923076924,1094.9922436139261
230,7,9224.192307692309,1178.0546283558538
231,1,3782.403846153846,594.4611750252222
231,2,4434.884615384615,728.1287231017134
231,3,5031.826923076923,709.41919688432
231,4,5223.903846153846,838.3335771944147
231,5,5470.9807692307695,1010.5029516578368
231,6,5197.038461538462,832.3627593769356
231,7,4760.211538461538,815.3861911073593
232,1,599.8269230769231,124.51674761816473
232,2,332.63461538461536,124.13939490152123
232,3,337.59615384615387,45.440441353570066
232,4,378.36538461538464,63.063935452452796
232,5,422.9807692307692,83.41239160884003
232,6,488.2307692307692,85.03877209944294
232,7,697.9230769230769,139.64743367324508
233,1,2686.0,301.6935856259512
233,2,3597.9423076923076,555.7030316197969
233,3,3933.8653846153848,556.7634421753879
233,4,4076.2115384615386,583.9508889012563
233,5,4219.307692307692,703.7913165097806
233,6,4201.0192307692305,551.0966069675637
233,7,3242.2115384615386,452.16825501647685
234,1,6806.0192307692305,1051.6540937762088
234,2,8231.442307692309,1100.5600430558259
234,3,9311.75,1298.240828968185
234,4,9580.807692307691,1424.901662082803
234,5,9556.615384615385,1837.540930891023
234,6,9416.115384615385,1416.2804869791469
234,7,8785.423076923076,1293.0550895283052
235,1,12.192307692307692,4.610467466148119
235,2,10.923076923076923,7.848682052086907
235,3,10.942307692307692,5.6686736752791145
235,4,10.673076923076923,5.876911132946886
235,5,12.653846153846153,7.682127501952791
235,6,12.865384615384615,5.804085262254802
235,7,11.0,6.180297600550684
236,1,7207.403846153846,1706.3131710304458
236,2,10671.826923076924,2025.5942698199958
236,3,11969.615384615385,1864.2673602106831
236,4,11951.01923076923,2205.0870819173133
236,5,12030.653846153846,2457.730715514805
236,6,11562.48076923077,2355.1848475840684
236,7,8875.73076923077,2174.1455127031495
237,1,7447.923076923077,1447.4627408412557
237,2,11599.557692307691,2022.141782557098
237,3,13380.98076923077,2035.27769931978
237,4,13581.173076923076,2339.0153175495716
237,5,13650.384615384615,2660.2359924346833
237,6,12467.288461538461,2221.350025269817
237,7,9749.807692307691,2022.814696314505
238,1,4765.865384615385,826.0215310502945
238,2,5207.038461538462,929.0901929990428
238,3,5676.615384615385,719.8284968356782
238,4,5738.75,915.8898571292057
238,5,5880.9807692307695,964.9236785908404
238,6,5916.153846153846,924.0398171672078
238,7,5312.076923076923,1022.2136656690435
239,1,6833.076923076923,1108.6823100217
239,2,6660.942307692308,1230.8608563061568
239,3,7113.076923076923,801.3671368882459
239,4,7201.288461538462,928.3663352434066
239,5,7396.403846153846,1048.6951791671622
239,6,7716.7307692307695,947.8561592575817
239,7,7730.75,1364.7607831037792
240,1,1.8421052631578947,0.9451530918314648
240,2,1.4074074074074074,0.6360490582953523
240,3,1.6571428571428573,0.9375455171023193
240,4,2.0285714285714285,1.0977440579692166
240,5,2.0588235294117645,1.6686262989328067
240,6,1.8387096774193548,0.9344079834686198
240,7,1.7435897435897436,1.1172793251547948
241,1,5.846153846153846,2.099342711184747
241,2,5.078431372549019,3.554395235507171
241,3,5.576923076923077,4.069716730741419
241,4,4.921568627450981,2.696984517974858
241,5,6.1,3.506553631038165
241,6,6.211538461538462,3.3742771976135635
241,7,5.72,2.718342832518011
242,1,5.08,2.7982501821017816
242,2,8.346153846153847,6.410422320628217
242,3,7.686274509803922,4.310406923149745
242,4,8.365384615384615,4.601912842498731
242,5,8.826923076923077,4.7474292479777995
242,6,9.23076923076923,4.300548914418855
242,7,5.980769230769231,2.493052185695943
243,1,72.28846153846153,21.545516378543812
243,2,48.78846153846154,31.370859800865368
243,3,43.53846153846154,9.748728501227662
243,4,46.11538461538461,11.38567012357621
243,5,52.0,11.198739424858601
243,6,60.69230769230769,13.988144085699599
243,7,70.11538461538461,25.89924205579879
244,1,297.4807692307692,75.41505814805896
244,2,265.11538461538464,95.19714401840496
244,3,283.2307692307692,52.23574592496845
244,4,275.59615384615387,54.9089298124844
244,5,294.3269230769231,59.45165152271449
244,6,323.75,67.27260171255809
244,7,288.6730769230769,82.82434073264868
245,1,1.0,0.0
245,2,1.5,1.0
245,3,1.0,0.0
245,4,1.1428571428571428,0.3779644730092272
245,5,1.0,0.0
245,6,1.25,0.45226701686664544
245,7,1.3,0.48304589153964794
246,1,3863.019230769231,750.7408495295415
246,2,3593.519230769231,706.6854832044774
246,3,3763.519230769231,760.0835735882025
246,4,3799.0576923076924,689.1802010704539
246,5,4274.134615384615,833.0385916924067
246,6,3923.3653846153848,666.023200115436
246,7,4342.403846153846,784.8025668947096
247,1,44.67307692307692,13.186031161721422
247,2,33.78846153846154,13.895035844363223
247,3,39.15384615384615,17.16286988134859
247,4,37.40384615384615,11.727727519011557
247,5,38.03846153846154,11.023969496922602
247,6,45.21153846153846,13.261083471633414
247,7,51.0,17.748791729104752
248,1,4.7254901960784315,2.2278099683101247
248,2,4.469387755102041,6.611549367131248
248,3,4.32,2.7806914424220435
248,4,3.78,2.651838022572114
248,5,4.254901960784314,2.313811896027004
248,6,4.872340425531915,2.863693429036035
248,7,4.365384615384615,1.960680615659118
249,1,6043.326923076923,956.9042142970042
249,2,4285.2307692307695,630.240589460341
249,3,4697.576923076923,531.5038725313647
249,4,5063.942307692308,610.1214091156256
249,5,5354.134615384615,799.1500884541775
249,6,6030.057692307692,793.2311043079621
249,7,7473.7692307692305,1197.4610823490561
250,1,6.423076923076923,2.972726706644624
250,2,6.9411764705882355,5.382979712783181
250,3,5.461538461538462,3.189821670973058
250,4,5.288461538461538,2.823823985387986
250,5,4.901960784313726,3.2388572179754034
250,6,6.196078431372549,3.644281042088479
250,7,5.653846153846154,2.9431516746149593
251,1,1.0555555555555556,0.2357022603955158
251,2,1.0714285714285714,0.2672612419124244
251,3,2.25,3.1509635714446826
251,4,1.2222222222222223,0.6666666666666667
251,5,1.4666666666666666,0.9154754164341269
251,6,1.6470588235294117,0.9314757424772421
251,7,1.2666666666666666,1.0327955589886444
252,1,3.2448979591836733,1.9097405173314554
252,2,3.6122448979591835,2.4222607082590244
252,3,3.574468085106383,1.8027114945700407
252,4,3.477272727272727,1.731898224138412
252,5,3.0784313725490198,1.494565318143064
252,6,3.5918367346938775,2.0198841483582948
252,7,3.0784313725490198,1.4260874763478144
253,1,2.375,3.7278330341412533
253,2,1.5172413793103448,0.7377906040127227
253,3,1.3666666666666667,0.614947899858378
253,4,2.36,3.0259984578096977
253,5,1.7916666666666667,1.7440374613713625
253,6,1.625,0.875388112682647
253,7,1.6956521739130435,0.8756702684071968
254,1,9.615384615384615,4.899595205984243
254,2,9.23076923076923,6.06376374615888
254,3,9.823529411764707,4.962684283139281
254,4,9.038461538461538,5.586965006055063
254,5,8.470588235294118,4.90857592862317
254,6,9.615384615384615,4.967162152494162
254,7,8.51923076923077,3.867868565478797
255,1,462.36538461538464,111.59081922426813
255,2,158.84615384615384,89.87581511051673
255,3,157.94230769230768,43.32974953274177
255,4,189.3846153846154,38.20591979906134
255,5,220.19230769230768,52.18670796944164
255,6,276.84615384615387,61.41705218131633
255,7,523.7692307692307,135.67935317441652
256,1,357.0769230769231,83.02984253346034
256,2,128.09615384615384,69.25946091396838
256,3,126.36538461538461,25.269549873900853
256,4,143.44230769230768,32.90355095059455
256,5,170.5,33.03859893530358
256,6,210.3653846153846,44.235124383920684
256,7,378.3269230769231,84.06643524882534
257,1,10.884615384615385,3.812537861741134
257,2,8.903846153846153,5.609024994384672
257,3,9.75,3.8596708180270256
257,4,11.923076923076923,4.950128355817136
257,5,11.384615384615385,5.130278615504215
257,6,11.538461538461538,4.403481414417365
257,7,12.692307692307692,4.318398675337347
258,1,5.980392156862745,4.402227600106253
258,2,7.865384615384615,8.177033466958457
258,3,5.7254901960784315,3.0204531538995862
258,4,5.784313725490196,3.5060731623295944
258,5,7.08,4.2322377927869175
258,6,6.509803921568627,3.494982397778895
258,7,5.25,2.496075350798278
259,1,6.176470588235294,3.6644556613660426
259,2,5.173076923076923,3.7454346267137573
259,3,5.588235294117647,2.940588176458821
259,4,5.14,3.0706643567535563
259,5,5.529411764705882,2.5640042213418495
259,6,6.078431372549019,3.248649794944983
259,7,5.020408163265306,2.3584051454175494
260,1,186.51923076923077,28.131686401437765
260,2,149.17307692307693,49.4355278903532
260,3,135.78846153846155,24.44388254073314
260,4,130.8846153846154,16.94819539951528
260,5,135.51923076923077,20.425369062943904
260,6,153.15384615384616,23.062901723274887
260,7,186.8653846153846,27.135122198212333
261,1,1602.3846153846155,164.37476952595838
261,2,1511.673076923077,260.4918214932222
261,3,1556.8653846153845,151.49076576350745
261,4,1575.9807692307693,177.85999014256782
261,5,1638.0961538461538,229.506312409697
261,6,1680.173076923077,121.45873521066468
261,7,1971.423076923077,164.29079266670055
262,1,2535.6923076923076,518.1121287702921
262,2,3157.3076923076924,556.3362130047374
262,3,3461.7884615384614,438.7803656455221
262,4,3521.3846153846152,537.4638758073778
262,5,3617.423076923077,575.9740035716429
262,6,3706.1153846153848,602.8508954224202
262,7,3123.826923076923,659.9875732981599
263,1,5013.0192307692305,893.7392586028791
263,2,4648.923076923077,953.8924764940309
263,3,4934.634615384615,466.7117777431409
263,4,5080.346153846154,589.6774088054462
263,5,5242.384615384615,667.6866164585663
263,6,5761.576923076923,727.0276404960467
263,7,5997.7307692307695,1151.454376428122
264,1,4003.096153846154,891.4778930015076
264,2,4139.615384615385,1065.411457916909
264,3,4412.346153846154,922.6168853016621
264,4,4544.403846153846,988.1042109765666
264,5,4715.365384615385,1012.0176707138588
264,6,4740.692307692308,994.0825021677723
264,7,4471.288461538462,1042.3715482351463
265,1,147.73076923076923,27.498388818837658
265,2,126.8076923076923,29.75853047021318
265,3,122.23076923076923,23.622534426475394
265,4,135.21153846153845,22.01455537972819
265,5,134.51923076923077,22.609637355726562
265,6,145.67307692307693,30.971030837400665
265,7,142.3653846153846,19.114750331650356
