tpepDropoffDateTime,doLocationId,count
23,79,12279
23,48,11640
23,170,10282
23,68,8898
23,230,8724
23,107,8497
23,236,8472
23,141,8417
23,186,8031
23,263,7965
23,239,7697
23,164,7365
23,162,7198
23,249,7180
23,238,7139
23,229,7052
23,142,6897
23,163,6695
23,237,6578
23,148,6561
23,234,6505
23,161,6078
23,90,5979
23,231,5755
23,233,5664
23,137,5554
23,262,5136
23,140,4843
23,246,4772
23,100,4645
23,143,4530
23,50,4495
23,113,4454
23,158,4237
23,114,4210
23,75,4132
23,87,4004
23,41,3824
23,144,3725
23,151,3603
23,42,3136
23,74,3117
23,181,3040
23,7,3035
23,13,2812
23,244,2794
23,43,2766
23,211,2681
23,4,2678
23,166,2517
23,232,2487
23,116,2462
23,33,2228
23,224,2213
23,255,2143
23,261,2055
23,243,2054
23,256,2002
23,112,2000
23,145,1863
23,125,1788
23,49,1689
23,24,1629
23,25,1559
23,61,1514
23,226,1391
23,97,1362
23,80,1332
23,223,1308
23,209,1241
23,17,1231
23,65,1213
23,88,1182
23,129,1154
23,45,1075
23,189,1051
23,152,1036
23,40,1007
23,95,932
23,132,922
23,37,915
23,179,879
23,225,877
23,127,827
23,66,746
23,146,722
23,89,686
23,14,659
23,52,649
23,188,647
23,260,612
23,228,526
23,82,525
23,36,525
23,257,490
23,168,420
23,106,381
23,198,377
23,62,368
23,202,346
23,10,296
23,69,295
23,220,289
23,193,266
23,196,255
23,216,239
23,133,238
23,54,237
23,195,229
23,227,222
23,247,217
23,70,213
23,160,212
23,83,210
23,200,208
23,159,204
23,92,193
23,197,179
23,28,173
23,157,168
23,138,163
23,173,161
23,134,157
23,169,156
23,22,155
23,217,147
23,119,147
23,135,145
23,235,143
23,190,140
23,76,139
23,177,137
23,219,137
23,56,134
23,241,132
23,165,130
23,130,128
23,67,127
23,258,122
23,39,122
23,26,109
23,85,106
23,72,105
23,21,104
23,208,103
23,91,102
23,167,100
23,35,100
23,18,97
23,136,97
23,16,96
23,123,96
23,71,88
23,205,87
23,185,87
23,147,87
23,171,85
23,213,84
23,182,82
23,218,79
23,12,79
23,252,77
23,149,76
23,121,75
23,210,75
23,174,74
23,259,71
23,215,71
23,102,71
23,126,70
23,191,70
23,212,68
23,131,66
23,63,64
23,254,64
23,94,62
23,124,62
23,1,60
23,53,59
23,248,57
23,155,57
23,203,57
23,15,56
23,108,55
23,250,55
23,64,54
23,51,53
23,55,51
23,98,51
23,78,51
23,180,49
23,175,49
23,29,48
23,47,48
23,139,47
23,11,46
23,120,45
23,32,43
23,77,43
23,93,42
23,73,40
23,178,40
23,20,40
23,192,40
23,60,39
23,183,38
23,242,37
23,128,36
23,150,34
23,3,33
23,34,33
23,9,33
23,86,31
23,57,30
23,81,29
23,38,29
23,19,29
23,117,28
23,122,27
23,201,25
23,153,24
23,222,21
23,101,19
23,31,17
23,58,17
23,240,16
23,118,14
23,194,13
23,46,12
23,23,11
23,111,11
23,6,10
23,206,10
23,214,10
23,172,9
23,245,9
23,251,9
23,221,8
23,115,8
23,5,7
23,156,7
23,96,7
23,109,6
23,184,6
23,204,5
23,30,5
23,8,5
23,207,4
23,27,4
23,84,4
23,44,3
23,176,3
23,154,2
23,59,2
23,253,2
23,105,2
23,187,1
22,236,13426
22,48,13418
22,79,13222
22,170,12538
22,239,10898
22,141,10806
22,237,10567
22,238,10111
22,107,10059
22,68,9820
22,263,9789
22,186,9648
22,230,9629
22,229,9448
22,142,9250
22,162,8578
22,164,8390
22,249,8348
22,234,8237
22,161,8009
22,163,7935
22,262,6988
22,90,6653
22,231,6627
22,233,6519
22,148,6310
22,143,6252
22,140,6163
22,137,6141
22,246,5811
22,113,5598
22,100,5020
22,50,4980
22,75,4861
22,114,4805
22,158,4673
22,151,4618
22,87,4363
22,43,4211
22,41,4155
22,144,3669
22,13,3434
22,166,3249
22,181,3246
22,74,3214
22,211,3072
22,42,3068
22,224,2827
22,4,2700
22,232,2606
22,244,2605
22,7,2602
22,33,2558
22,261,2245
22,116,2238
22,243,2054
22,145,2048
22,255,2027
22,125,1936
22,112,1912
22,24,1907
22,256,1803
22,49,1697
22,25,1629
22,97,1489
22,61,1395
22,209,1369
22,132,1350
22,65,1306
22,88,1252
22,226,1224
22,40,1159
22,223,1150
22,80,1132
22,45,1126
22,17,1087
22,189,1083
22,95,974
22,152,953
22,129,945
22,66,925
22,179,853
22,52,835
22,127,783
22,37,750
22,146,698
22,225,685
22,89,625
22,14,584
22,188,553
22,260,509
22,257,471
22,36,442
22,106,407
22,228,398
22,168,379
22,82,350
22,62,336
22,202,328
22,220,301
22,54,285
22,198,282
22,10,261
22,69,259
22,200,247
22,193,242
22,196,223
22,195,223
22,70,214
22,133,214
22,92,204
22,138,193
22,83,182
22,216,175
22,160,168
22,247,165
22,157,163
22,28,160
22,227,145
22,217,144
22,159,141
22,165,134
22,169,127
22,56,127
22,134,127
22,22,122
22,130,121
22,197,119
22,190,119
22,235,114
22,76,111
22,135,110
22,67,110
22,177,109
22,39,109
22,85,107
22,219,106
22,12,103
22,1,103
22,258,102
22,16,101
22,121,100
22,119,98
22,72,95
22,241,93
22,91,92
22,252,88
22,173,86
22,18,85
22,218,85
22,171,83
22,208,83
22,174,83
22,26,79
22,155,78
22,21,77
22,35,77
22,210,76
22,213,76
22,131,75
22,147,72
22,167,71
22,182,71
22,71,71
22,205,70
22,185,69
22,212,64
22,124,63
22,126,63
22,248,61
22,149,61
22,191,58
22,136,58
22,123,57
22,102,57
22,259,56
22,53,55
22,98,55
22,250,55
22,254,54
22,175,51
22,55,50
22,15,49
22,178,48
22,63,48
22,94,48
22,64,47
22,51,47
22,3,46
22,11,45
22,242,44
22,32,44
22,203,43
22,57,43
22,29,42
22,19,42
22,180,42
22,38,40
22,47,40
22,78,39
22,128,39
22,192,39
22,93,38
22,183,36
22,73,34
22,139,34
22,215,33
22,60,33
22,77,33
22,150,33
22,201,32
22,9,31
22,81,31
22,34,31
22,108,31
22,20,30
22,101,26
22,86,25
22,222,24
22,120,23
22,117,22
22,153,22
22,23,18
22,122,16
22,206,15
22,58,15
22,194,15
22,221,15
22,6,14
22,96,12
22,172,11
22,240,11
22,84,10
22,109,9
22,111,9
22,8,8
22,251,8
22,27,8
22,214,7
22,204,7
22,118,7
22,46,7
22,176,6
22,59,6
22,31,5
22,154,5
22,187,4
22,245,4
22,115,4
22,207,3
22,44,3
22,253,3
22,156,2
22,30,1
22,99,1
22,199,1
22,184,1
21,236,15331
21,79,14293
21,170,13916
21,48,13416
21,237,12019
21,141,11716
21,239,11487
21,238,10907
21,186,10806
21,107,10744
21,142,10408
21,263,10348
21,230,10210
21,229,10029
21,68,9910
21,234,9669
21,249,9453
21,162,9006
21,161,8926
21,164,8730
21,163,7540
21,262,7288
21,143,7183
21,233,7131
21,90,7105
21,231,6999
21,148,6681
21,246,6574
21,140,6563
21,137,6504
21,113,6402
21,114,5570
21,100,5497
21,50,5262
21,158,5148
21,75,4748
21,151,4633
21,144,4314
21,87,4174
21,13,3757
21,43,3672
21,41,3561
21,211,3523
21,74,3422
21,166,3020
21,224,2974
21,4,2786
21,232,2779
21,181,2581
21,42,2558
21,33,2204
21,7,2125
21,261,2111
21,125,1957
21,255,1911
21,145,1892
21,132,1813
21,24,1763
21,244,1720
21,112,1671
21,256,1647
21,116,1616
21,243,1485
21,25,1368
21,88,1354
21,209,1332
21,49,1245
21,97,1239
21,45,1197
21,65,1125
21,226,989
21,80,962
21,66,955
21,61,927
21,40,912
21,223,908
21,189,803
21,95,772
21,179,769
21,129,766
21,152,751
21,52,751
21,17,717
21,146,637
21,127,550
21,37,547
21,225,524
21,89,522
21,14,502
21,260,403
21,188,400
21,257,390
21,168,339
21,138,339
21,36,319
21,106,306
21,220,298
21,228,291
21,10,278
21,82,265
21,202,261
21,62,240
21,200,238
21,193,232
21,70,232
21,1,230
21,69,229
21,196,227
21,198,222
21,54,215
21,195,197
21,160,196
21,92,189
21,133,182
21,216,173
21,83,155
21,157,150
21,247,146
21,56,140
21,134,128
21,217,122
21,67,119
21,28,118
21,165,116
21,130,108
21,219,107
21,91,103
21,235,102
21,76,101
21,12,98
21,197,97
21,159,97
21,227,97
21,169,94
21,213,94
21,135,93
21,22,93
21,119,90
21,190,89
21,72,88
21,26,88
21,39,87
21,121,84
21,241,83
21,208,80
21,35,78
21,173,77
21,182,76
21,258,76
21,252,74
21,18,74
21,210,72
21,71,71
21,167,69
21,171,68
21,218,67
21,177,67
21,51,66
21,136,66
21,85,66
21,131,65
21,21,64
21,191,63
21,98,61
21,185,57
21,32,57
21,248,56
21,155,54
21,250,54
21,16,53
21,64,53
21,124,53
21,205,52
21,259,52
21,55,51
21,180,51
21,63,51
21,254,50
21,242,50
21,174,49
21,78,49
21,212,48
21,15,47
21,175,47
21,11,46
21,123,46
21,19,44
21,53,44
21,149,44
21,147,44
21,192,41
21,215,41
21,203,41
21,3,39
21,178,38
21,38,38
21,102,37
21,126,37
21,81,36
21,108,35
21,183,35
21,139,34
21,47,34
21,34,32
21,29,32
21,57,32
21,94,28
21,20,28
21,60,28
21,9,28
21,93,27
21,117,25
21,153,25
21,73,24
21,23,24
21,150,24
21,77,23
21,101,23
21,194,22
21,120,20
21,201,20
21,128,20
21,222,18
21,86,17
21,122,16
21,206,15
21,214,13
21,115,13
21,245,13
21,31,12
21,58,12
21,172,11
21,111,11
21,96,11
21,240,11
21,156,10
21,251,9
21,27,9
21,46,8
21,6,8
21,221,8
21,5,7
21,176,6
21,187,5
21,204,4
21,8,4
21,84,3
21,154,3
21,118,3
21,59,3
21,44,2
21,253,2
21,109,2
21,207,2
21,184,1
21,30,1
20,236,15307
20,79,14723
20,170,13911
20,237,13229
20,48,12697
20,239,12369
20,141,12103
20,234,11507
20,186,11199
20,142,11197
20,107,10987
20,230,10809
20,263,10566
20,238,10471
20,249,10397
20,68,9925
20,229,9748
20,161,8863
20,162,8816
20,164,8750
20,163,7481
20,231,7236
20,140,7204
20,113,7074
20,246,7057
20,262,6913
20,90,6827
20,143,6734
20,148,6546
20,233,6354
20,137,6324
20,114,6209
20,158,5804
20,100,5549
20,50,4957
20,144,4822
20,75,4382
20,151,4279
20,211,3885
20,41,3500
20,13,3494
20,87,3384
20,74,3285
20,132,3252
20,43,3245
20,232,2816
20,166,2714
20,4,2693
20,224,2580
20,42,2149
20,125,2070
20,24,1816
20,181,1794
20,33,1758
20,261,1650
20,7,1635
20,145,1564
20,255,1509
20,45,1447
20,244,1369
20,256,1363
20,116,1311
20,88,1292
20,209,1198
20,112,1191
20,243,1076
20,25,970
20,97,913
20,65,905
20,49,885
20,66,883
20,138,866
20,226,847
20,80,788
20,40,702
20,223,702
20,152,671
20,61,630
20,95,618
20,129,593
20,179,570
20,17,541
20,189,514
20,52,514
20,146,491
20,1,486
20,127,466
20,37,420
20,14,407
20,225,375
20,89,357
20,260,313
20,168,295
20,257,288
20,10,281
20,106,267
20,188,257
20,220,250
20,36,250
20,202,245
20,70,210
20,195,209
20,228,202
20,82,201
20,69,198
20,193,191
20,196,185
20,54,176
20,160,174
20,200,174
20,62,173
20,92,166
20,198,159
20,216,158
20,157,135
20,247,131
20,133,130
20,219,116
20,12,114
20,76,114
20,217,106
20,83,103
20,28,99
20,213,97
20,56,96
20,159,96
20,165,95
20,169,94
20,91,91
20,39,89
20,134,84
20,135,83
20,197,81
20,182,80
20,218,80
20,130,79
20,235,78
20,241,76
20,227,75
20,119,74
20,26,73
20,98,70
20,67,69
20,51,68
20,102,68
20,190,67
20,177,67
20,258,66
20,208,66
20,18,65
20,123,64
20,72,63
20,35,61
20,121,60
20,22,60
20,171,60
20,252,59
20,210,59
20,71,58
20,167,58
20,16,58
20,173,55
20,174,54
20,254,53
20,205,53
20,21,53
20,136,52
20,131,50
20,155,49
20,175,49
20,203,48
20,85,48
20,149,46
20,55,44
20,215,44
20,185,44
20,63,43
20,212,43
20,19,43
20,29,43
20,147,42
20,15,42
20,32,42
20,53,42
20,259,42
20,178,40
20,64,40
20,124,40
20,108,39
20,191,39
20,126,36
20,180,36
20,11,36
20,93,36
20,139,35
20,78,34
20,194,33
20,81,33
20,192,32
20,250,31
20,242,31
20,248,31
20,57,31
20,47,30
20,38,29
20,201,28
20,77,27
20,128,26
20,117,26
20,183,26
20,3,25
20,94,24
20,34,23
20,73,23
20,120,23
20,153,23
20,86,21
20,9,21
20,60,21
20,150,20
20,101,19
20,20,18
20,222,16
20,122,15
20,6,14
20,206,14
20,58,13
20,172,12
20,23,12
20,27,11
20,46,10
20,221,9
20,251,9
20,214,8
20,115,8
20,8,7
20,240,7
20,111,6
20,245,6
20,31,6
20,109,5
20,5,5
20,118,4
20,176,4
20,204,4
20,184,3
20,96,3
20,44,2
20,154,2
20,253,1
20,105,1
20,84,1
20,59,1
20,156,1
20,187,1
19,142,19808
19,236,19305
19,237,18615
19,230,17120
19,79,15389
19,239,15015
19,48,14770
19,170,13804
19,141,13566
19,234,13436
19,161,12119
19,238,11865
19,263,11637
19,68,11309
19,107,11226
19,186,11021
19,249,10863
19,229,10479
19,162,10399
19,163,10234
19,164,9803
19,246,9004
19,140,8160
19,231,7967
19,113,7813
19,262,7540
19,143,7411
19,90,6867
19,114,6855
19,158,6760
19,148,6722
19,233,6640
19,137,6465
19,100,6403
19,43,5554
19,50,5444
19,132,5309
19,144,5043
19,151,4884
19,75,4811
19,211,4638
19,13,3647
19,41,3531
19,74,3333
19,166,3139
19,87,3100
19,232,2845
19,4,2815
19,224,2378
19,125,2336
19,138,2185
19,42,2089
19,24,1936
19,261,1743
19,181,1654
19,33,1482
19,7,1453
19,45,1449
19,255,1427
19,244,1307
19,88,1286
19,116,1276
19,145,1274
19,209,1251
19,256,1136
19,112,1047
19,1,942
19,25,929
19,66,893
19,97,874
19,65,818
19,243,781
19,152,759
19,49,752
19,226,669
19,40,658
19,80,650
19,223,614
19,61,578
19,129,574
19,95,523
19,52,498
19,179,468
19,17,460
19,189,448
19,146,427
19,37,337
19,89,332
19,260,327
19,127,322
19,225,321
19,168,309
19,14,279
19,106,272
19,188,250
19,202,244
19,193,229
19,36,223
19,10,222
19,257,221
19,220,215
19,92,212
19,200,202
19,195,196
19,69,195
19,228,192
19,247,189
19,82,186
19,198,170
19,216,168
19,196,167
19,54,167
19,70,154
19,12,140
19,39,127
19,62,127
19,76,120
19,133,114
19,219,109
19,130,104
19,165,103
19,217,103
19,157,102
19,160,101
19,135,96
19,197,95
19,56,93
19,134,91
19,119,91
19,177,91
19,83,90
19,159,88
19,213,84
19,72,84
19,28,84
19,26,84
19,182,81
19,93,81
19,190,81
19,123,81
19,218,80
19,98,74
19,22,74
19,16,74
19,67,74
19,35,73
19,71,71
19,131,71
19,235,70
19,121,69
19,51,66
19,215,66
19,169,66
19,91,64
19,171,64
19,55,63
19,191,63
19,258,61
19,205,60
19,173,59
19,227,59
19,208,59
19,85,58
19,254,58
19,241,57
19,167,56
19,15,56
19,194,55
19,210,54
19,18,54
19,155,53
19,174,51
19,102,51
19,252,49
19,21,48
19,53,48
19,29,47
19,175,47
19,38,46
19,185,45
19,203,45
19,20,43
19,212,42
19,64,42
19,192,42
19,248,41
19,32,41
19,149,40
19,259,40
19,139,39
19,136,39
19,78,39
19,108,37
19,101,37
19,124,36
19,147,36
19,34,36
19,178,34
19,63,34
19,19,33
19,86,32
19,126,32
19,117,32
19,250,32
19,47,30
19,77,28
19,60,26
19,3,26
19,11,26
19,242,25
19,153,25
19,128,24
19,73,23
19,81,23
19,150,20
19,94,20
19,180,20
19,183,20
19,222,18
19,201,18
19,120,16
19,57,15
19,122,14
19,23,14
19,9,14
19,111,11
19,6,10
19,58,9
19,221,9
19,8,9
19,251,8
19,46,7
19,31,7
19,206,7
19,27,7
19,240,6
19,118,6
19,44,6
19,253,6
19,109,6
19,214,5
19,96,5
19,245,4
19,187,4
19,154,4
19,156,3
19,115,3
19,5,3
19,84,2
19,204,1
19,59,1
19,30,1
19,99,1
19,207,1
18,236,21826
18,237,21748
18,142,18584
18,230,16257
18,239,15718
18,161,14599
18,48,13915
18,170,13914
18,141,13006
18,79,12748
18,234,12662
18,238,12145
18,162,11476
18,263,10826
18,107,10502
18,186,10416
18,163,10215
18,68,10117
18,164,9755
18,246,9707
18,229,9591
18,249,9191
18,43,8091
18,140,8043
18,262,7570
18,113,7382
18,143,7194
18,231,7113
18,90,6530
18,100,6120
18,158,6016
18,233,5993
18,114,5985
18,137,5844
18,132,5590
18,50,5525
18,148,5497
18,75,5267
18,151,4997
18,138,4775
18,144,4381
18,211,4332
18,166,3755
18,74,3659
18,41,3631
18,13,3606
18,87,2775
18,4,2539
18,232,2470
18,125,2157
18,224,2156
18,42,2020
18,24,1933
18,261,1758
18,33,1372
18,181,1241
18,116,1216
18,88,1204
18,7,1202
18,45,1189
18,209,1185
18,244,1142
18,255,1124
18,145,1122
18,256,942
18,112,915
18,1,914
18,66,832
18,25,816
18,152,759
18,97,751
18,226,735
18,65,717
18,243,655
18,49,640
18,40,583
18,223,549
18,80,541
18,61,500
18,95,489
18,129,473
18,52,431
18,179,424
18,146,388
18,17,375
18,189,359
18,37,332
18,260,309
18,89,277
18,225,277
18,168,254
18,14,252
18,127,245
18,106,242
18,193,236
18,10,225
18,247,208
18,257,201
18,92,201
18,216,197
18,202,197
18,70,196
18,195,196
18,188,191
18,82,186
18,36,180
18,69,177
18,220,175
18,228,172
18,62,147
18,200,145
18,39,138
18,198,134
18,119,124
18,196,124
18,217,123
18,12,122
18,76,118
18,130,117
18,54,115
18,219,112
18,51,107
18,194,106
18,160,104
18,26,104
18,133,103
18,28,103
18,165,98
18,83,96
18,93,93
18,134,90
18,72,88
18,56,86
18,197,85
18,91,84
18,213,84
18,159,82
18,135,82
18,155,80
18,227,75
18,157,74
18,218,74
18,22,73
18,35,72
18,182,71
18,208,70
18,190,67
18,252,67
18,177,67
18,71,66
18,205,66
18,241,65
18,85,64
18,16,60
18,173,60
18,171,60
18,215,60
18,169,60
18,258,58
18,15,58
18,235,57
18,98,57
18,18,56
18,210,55
18,67,54
18,203,54
18,121,54
18,167,54
18,123,52
18,254,52
18,124,51
18,191,51
18,131,51
18,29,50
18,32,49
18,34,48
18,147,46
18,20,45
18,212,45
18,174,45
18,53,45
18,180,44
18,64,44
18,55,43
18,175,42
18,63,42
18,102,41
18,149,41
18,136,39
18,86,38
18,250,35
18,259,35
18,19,35
18,47,34
18,38,34
18,248,34
18,139,34
18,108,34
18,150,33
18,78,32
18,3,32
18,185,31
18,117,31
18,81,30
18,101,29
18,77,29
18,122,28
18,178,28
18,126,27
18,9,27
18,222,25
18,21,25
18,192,24
18,242,24
18,128,24
18,11,23
18,183,21
18,57,21
18,60,21
18,94,20
18,201,16
18,120,14
18,73,13
18,240,13
18,31,13
18,6,13
18,153,11
18,58,10
18,154,10
18,27,9
18,46,9
18,96,7
18,8,6
18,206,6
18,23,5
18,115,5
18,118,5
18,221,4
18,156,4
18,109,4
18,253,3
18,176,3
18,214,3
18,184,3
18,5,3
18,251,3
18,84,3
18,187,2
18,172,2
18,44,2
18,111,2
18,104,1
18,245,1
18,105,1
17,236,20563
17,237,19039
17,142,14675
17,239,13130
17,170,12995
17,230,12403
17,161,12327
17,141,11454
17,48,11429
17,238,10918
17,162,10712
17,186,10373
17,234,10244
17,163,9194
17,263,8724
17,79,8620
17,107,8489
17,68,7874
17,164,7777
17,229,7628
17,246,7245
17,262,6773
17,140,6672
17,143,6539
17,249,6505
17,113,6021
17,138,5884
17,100,5813
17,132,5714
17,90,5502
17,43,5393
17,233,5291
17,231,5260
17,75,4788
17,137,4542
17,158,4542
17,114,4490
17,151,4461
17,50,4315
17,144,3620
17,148,3577
17,166,3405
17,74,3374
17,211,3284
17,13,3097
17,41,3023
17,87,2332
17,4,1933
17,232,1921
17,224,1792
17,24,1704
17,125,1688
17,42,1628
17,261,1378
17,88,1057
17,33,1047
17,1,1025
17,209,974
17,116,922
17,7,921
17,255,883
17,145,876
17,181,871
17,45,871
17,244,827
17,256,652
17,152,647
17,65,638
17,112,600
17,66,595
17,25,560
17,226,547
17,97,498
17,243,460
17,49,445
17,223,435
17,95,377
17,129,370
17,61,359
17,146,353
17,80,334
17,40,331
17,179,314
17,52,300
17,17,275
17,260,262
17,189,246
17,37,238
17,193,237
17,225,222
17,168,217
17,106,214
17,89,201
17,14,180
17,92,179
17,127,172
17,216,163
17,228,161
17,247,157
17,257,152
17,195,147
17,10,147
17,188,147
17,82,146
17,202,146
17,36,142
17,70,130
17,12,130
17,194,129
17,220,125
17,217,119
17,196,112
17,83,100
17,130,98
17,69,97
17,198,97
17,28,88
17,76,86
17,135,84
17,62,83
17,200,81
17,157,80
17,26,80
17,219,78
17,134,77
17,165,77
17,197,75
17,93,75
17,190,73
17,173,72
17,51,70
17,133,69
17,54,68
17,91,67
17,227,67
17,218,66
17,131,66
17,159,64
17,177,63
17,39,63
17,213,62
17,72,61
17,119,60
17,71,59
17,171,58
17,160,57
17,56,57
17,139,56
17,98,56
17,235,56
17,252,54
17,16,54
17,191,53
17,210,53
17,35,53
17,258,53
17,155,52
17,215,52
17,205,52
17,55,50
17,167,49
17,124,48
17,102,48
17,22,48
17,32,44
17,123,44
17,121,42
17,64,42
17,169,42
17,29,42
17,78,41
17,18,40
17,254,40
17,149,39
17,241,38
17,81,36
17,117,34
17,11,34
17,185,34
17,53,34
17,21,34
17,15,34
17,67,33
17,34,33
17,85,33
17,136,32
17,208,31
17,203,31
17,86,31
17,174,30
17,47,30
17,242,30
17,57,29
17,108,29
17,178,29
17,182,29
17,101,29
17,63,28
17,192,28
17,259,28
17,175,26
17,126,24
17,248,24
17,147,23
17,19,23
17,183,22
17,212,22
17,38,22
17,3,21
17,77,21
17,73,20
17,20,20
17,180,19
17,122,18
17,250,18
17,94,17
17,222,17
17,128,17
17,150,15
17,9,15
17,60,14
17,46,13
17,23,13
17,153,12
17,240,11
17,201,11
17,31,9
17,6,8
17,27,7
17,245,6
17,118,6
17,206,6
17,156,5
17,8,5
17,96,5
17,120,5
17,253,4
17,207,4
17,109,4
17,221,3
17,251,3
17,184,3
17,84,3
17,5,3
17,214,3
17,115,2
17,176,2
17,154,2
17,204,2
17,59,1
17,172,1
17,111,1
17,58,1
17,187,1
16,236,20070
16,237,19327
16,161,13131
16,142,12393
16,170,12169
16,239,12020
16,186,10814
16,162,10769
16,230,10669
16,141,10127
16,238,10101
16,234,9451
16,163,9138
16,48,9087
16,164,7870
16,263,7853
16,68,7219
16,107,7163
16,138,7130
16,229,6820
16,132,6642
16,79,6572
16,140,6449
16,100,6369
16,262,6217
16,143,6115
16,246,5873
16,113,5461
16,249,5270
16,43,5145
16,233,5044
16,90,4923
16,231,4815
16,75,4519
16,151,4026
16,137,3899
16,50,3823
16,158,3790
16,114,3537
16,144,3290
16,166,3161
16,211,3154
16,74,3138
16,13,2970
16,148,2854
16,41,2604
16,87,2284
16,232,1541
16,24,1467
16,125,1450
16,4,1442
16,1,1440
16,261,1395
16,42,1366
16,224,1356
16,88,1073
16,145,874
16,7,836
16,244,821
16,116,785
16,45,781
16,209,779
16,33,773
16,255,742
16,181,719
16,65,560
16,152,557
16,226,538
16,25,521
16,112,520
16,256,500
16,223,475
16,66,457
16,129,443
16,243,425
16,97,384
16,49,358
16,95,328
16,80,325
16,61,309
16,146,307
16,179,301
16,260,295
16,17,283
16,40,258
16,194,217
16,193,215
16,37,207
16,225,204
16,216,204
16,189,203
16,52,199
16,89,198
16,10,198
16,188,184
16,92,183
16,168,182
16,82,174
16,14,168
16,70,167
16,12,159
16,106,153
16,217,150
16,127,139
16,228,130
16,247,128
16,36,127
16,257,125
16,195,124
16,200,117
16,198,113
16,62,110
16,83,109
16,220,109
16,202,105
16,196,102
16,76,102
16,130,101
16,69,93
16,28,92
16,157,92
16,26,91
16,219,90
16,39,84
16,72,81
16,135,80
16,218,77
16,71,75
16,160,72
16,54,71
16,165,70
16,134,70
16,205,70
16,133,67
16,213,66
16,91,65
16,16,64
16,22,64
16,197,63
16,258,63
16,252,61
16,190,59
16,56,59
16,93,58
16,139,58
16,210,57
16,159,55
16,171,55
16,119,55
16,191,54
16,227,52
16,215,51
16,124,50
16,177,50
16,254,50
16,235,49
16,35,49
16,208,46
16,51,46
16,98,46
16,131,45
16,203,44
16,55,44
16,32,44
16,242,43
16,15,43
16,21,43
16,123,43
16,155,43
16,169,42
16,121,42
16,173,42
16,248,40
16,101,39
16,67,39
16,38,38
16,18,37
16,85,36
16,259,36
16,182,35
16,241,35
16,78,34
16,102,33
16,149,33
16,174,32
16,136,32
16,64,31
16,9,31
16,117,31
16,53,30
16,34,29
16,212,29
16,250,29
16,86,29
16,167,29
16,81,28
16,29,28
16,150,28
16,178,28
16,175,27
16,19,26
16,222,25
16,77,25
16,185,25
16,63,24
16,126,24
16,20,22
16,180,21
16,147,21
16,57,21
16,94,20
16,108,20
16,183,20
16,192,20
16,3,19
16,47,18
16,73,17
16,128,17
16,122,17
16,11,14
16,60,12
16,240,12
16,46,11
16,201,11
16,120,9
16,58,8
16,115,8
16,96,8
16,6,8
16,153,7
16,118,7
16,31,7
16,207,6
16,27,6
16,8,5
16,206,5
16,253,5
16,154,4
16,172,4
16,184,4
16,214,4
16,221,4
16,23,4
16,111,3
16,156,3
16,251,2
16,109,2
16,44,2
16,204,1
16,176,1
16,30,1
16,245,1
15,236,23386
15,237,21005
15,161,15768
15,142,13011
15,170,12561
15,239,12502
15,162,12300
15,186,12245
15,230,11566
15,234,11053
15,238,10894
15,163,10858
15,141,10416
15,48,8937
15,164,8880
15,263,8129
15,140,8024
15,138,7910
15,68,7818
15,100,7211
15,107,7189
15,229,6915
15,246,6873
15,262,6703
15,43,6634
15,79,6411
15,143,6395
15,132,6315
15,231,5646
15,113,5568
15,233,5517
15,90,5475
15,249,5114
15,75,4886
15,137,4427
15,50,4287
15,151,4166
15,158,3971
15,166,3727
15,114,3505
15,211,3442
15,144,3427
15,13,3416
15,74,3084
15,148,2952
15,41,2459
15,87,2432
15,261,1796
15,125,1783
15,1,1547
15,24,1501
15,232,1455
15,4,1417
15,88,1356
15,42,1323
15,224,1292
15,45,900
15,33,884
15,244,857
15,209,848
15,7,844
15,145,823
15,181,732
15,116,709
15,255,679
15,65,630
15,66,545
15,256,540
15,152,529
15,226,525
15,112,503
15,25,489
15,243,449
15,129,423
15,223,417
15,97,374
15,49,367
15,95,350
15,61,331
15,146,323
15,260,313
15,40,295
15,80,281
15,17,279
15,179,278
15,193,259
15,52,254
15,194,252
15,189,238
15,216,204
15,37,201
15,12,189
15,92,189
15,89,185
15,82,185
15,195,180
15,217,173
15,225,173
15,10,167
15,168,162
15,14,150
15,127,150
15,188,142
15,106,141
15,228,139
15,70,129
15,202,119
15,220,115
15,200,112
15,130,111
15,36,109
15,247,103
15,69,99
15,76,96
15,190,93
15,257,91
15,62,90
15,83,88
15,198,87
15,28,87
15,196,83
15,26,80
15,219,80
15,165,79
15,39,78
15,160,77
15,157,76
15,197,75
15,177,70
15,135,68
15,72,67
15,91,66
15,56,65
15,213,65
15,71,64
15,54,63
15,210,63
15,218,61
15,252,60
15,173,60
15,205,60
15,133,60
15,258,59
15,16,58
15,134,57
15,215,57
15,159,57
15,51,57
15,121,56
15,208,54
15,35,53
15,98,52
15,93,51
15,22,50
15,235,50
15,171,50
15,123,50
15,55,48
15,131,47
15,119,46
15,53,45
15,169,44
15,124,43
15,15,41
15,136,40
15,227,39
15,178,38
15,254,38
15,185,38
15,182,37
15,101,37
15,155,37
15,102,37
15,149,37
15,63,36
15,191,36
15,139,35
15,34,35
15,18,35
15,21,34
15,203,33
15,248,33
15,241,32
15,32,32
15,85,32
15,67,32
15,78,31
15,47,31
15,175,31
15,64,31
15,174,30
15,77,29
15,242,29
15,250,29
15,38,29
15,19,29
15,167,28
15,259,27
15,29,27
15,94,27
15,147,26
15,192,25
15,212,24
15,222,24
15,86,23
15,108,23
15,180,22
15,81,21
15,126,21
15,150,20
15,20,20
15,183,19
15,57,19
15,117,19
15,9,19
15,11,18
15,201,18
15,73,16
15,60,16
15,31,16
15,122,13
15,128,12
15,207,12
15,3,12
15,8,10
15,153,10
15,27,9
15,120,9
15,240,8
15,46,6
15,96,5
15,118,5
15,221,4
15,156,4
15,58,4
15,115,4
15,111,4
15,154,4
15,23,4
15,184,4
15,187,3
15,84,3
15,5,2
15,109,2
15,214,2
15,245,2
15,176,1
15,6,1
15,59,1
14,236,21122
14,237,20411
14,161,17445
14,230,13458
14,162,12831
14,170,12716
14,142,12706
14,186,12447
14,234,11823
14,163,11362
14,239,11088
14,141,9745
14,238,9595
14,164,9435
14,48,8986
14,140,8325
14,68,7679
14,138,7636
14,100,7199
14,263,7177
14,107,7100
14,43,6936
14,229,6686
14,246,6511
14,79,6261
14,231,5966
14,233,5777
14,143,5692
14,262,5691
14,113,5565
14,249,5540
14,90,5507
14,132,5500
14,75,4794
14,137,4687
14,50,4124
14,211,4089
14,13,3779
14,158,3770
14,114,3677
14,144,3476
14,151,3309
14,166,3176
14,148,3010
14,74,2920
14,87,2679
14,41,2098
14,261,2006
14,125,1988
14,88,1594
14,1,1475
14,232,1429
14,4,1364
14,24,1267
14,42,1195
14,224,1182
14,45,1058
14,244,934
14,209,929
14,33,913
14,145,836
14,7,813
14,255,653
14,65,640
14,181,639
14,116,612
14,226,559
14,66,516
14,256,510
14,152,496
14,25,491
14,112,463
14,243,412
14,97,412
14,129,396
14,223,376
14,49,332
14,146,323
14,61,309
14,12,306
14,193,295
14,95,276
14,17,260
14,179,257
14,260,250
14,40,250
14,80,243
14,194,236
14,52,220
14,195,205
14,37,187
14,82,184
14,189,182
14,168,180
14,127,169
14,225,166
14,92,159
14,89,151
14,14,150
14,217,150
14,216,135
14,188,129
14,106,129
14,10,129
14,228,126
14,70,114
14,69,109
14,247,105
14,220,104
14,196,101
14,26,98
14,36,95
14,202,95
14,157,92
14,190,91
14,62,85
14,257,81
14,200,81
14,130,81
14,198,80
14,76,77
14,28,75
14,83,74
14,197,73
14,219,72
14,39,71
14,159,70
14,160,70
14,91,65
14,165,60
14,135,60
14,93,59
14,155,59
14,213,58
14,205,57
14,72,56
14,134,54
14,22,54
14,56,54
14,149,54
14,55,52
14,35,52
14,173,52
14,54,52
14,98,51
14,171,50
14,119,49
14,131,49
14,177,49
14,242,49
14,16,48
14,123,48
14,51,48
14,167,47
14,218,46
14,34,46
14,210,45
14,71,45
14,252,44
14,124,44
14,241,43
14,227,41
14,215,40
14,235,39
14,85,38
14,208,37
14,18,36
14,191,35
14,21,35
14,15,34
14,139,34
14,63,34
14,207,34
14,147,34
14,29,33
14,121,33
14,178,33
14,47,32
14,258,32
14,53,32
14,136,32
14,133,31
14,212,31
14,203,30
14,182,30
14,185,30
14,192,29
14,175,28
14,102,28
14,73,28
14,169,28
14,254,27
14,67,26
14,20,26
14,174,26
14,78,25
14,64,25
14,117,24
14,259,24
14,101,24
14,19,24
14,77,23
14,108,22
14,248,21
14,11,21
14,31,20
14,250,19
14,150,19
14,180,19
14,32,18
14,94,18
14,222,17
14,57,16
14,126,16
14,201,15
14,60,14
14,86,14
14,81,14
14,9,14
14,38,13
14,3,13
14,122,13
14,183,12
14,120,10
14,153,9
14,128,8
14,240,7
14,221,7
14,118,6
14,111,6
14,23,5
14,115,5
14,46,5
14,214,5
14,58,5
14,96,4
14,206,3
14,6,3
14,172,3
14,253,3
14,8,3
14,109,2
14,156,2
14,27,2
14,245,2
14,59,1
14,176,1
14,204,1
14,44,1
14,154,1
14,251,1
14,184,1
14,84,1
14,5,1
13,237,20462
13,236,18929
13,161,18496
13,230,13823
13,162,12746
13,142,12618
13,170,12590
13,234,12566
13,163,11464
13,239,10325
13,186,10297
13,48,9419
13,141,9366
13,164,9114
13,68,8187
13,140,7922
13,238,7866
13,138,7525
13,107,7512
13,43,7374
13,246,6817
13,100,6774
13,229,6721
13,263,6404
13,231,6213
13,79,5970
13,233,5563
13,90,5544
13,113,5393
13,249,5309
13,143,5002
13,262,4781
13,137,4674
13,75,4532
13,50,4391
13,132,4330
13,211,4326
13,114,4067
13,158,3804
13,13,3795
13,144,3535
13,166,3100
13,148,3040
13,151,2963
13,74,2678
13,87,2464
13,125,2113
13,41,2097
13,261,2093
13,88,1672
13,232,1283
13,4,1244
13,42,1220
13,1,1182
13,24,1123
13,45,1121
13,224,1042
13,244,942
13,209,860
13,33,849
13,145,777
13,7,690
13,65,628
13,255,606
13,181,589
13,116,577
13,66,563
13,152,529
13,256,513
13,25,491
13,226,451
13,112,424
13,243,413
13,129,366
13,97,361
13,12,357
13,223,317
13,146,302
13,49,288
13,194,254
13,179,250
13,61,238
13,193,236
13,95,233
13,40,232
13,17,221
13,80,200
13,195,194
13,189,189
13,37,186
13,260,184
13,247,168
13,82,167
13,168,167
13,89,163
13,52,162
13,225,160
13,14,147
13,92,145
13,217,143
13,127,143
13,228,143
13,188,141
13,10,139
13,216,129
13,106,126
13,70,121
13,76,115
13,190,114
13,220,109
13,36,104
13,202,99
13,69,98
13,200,97
13,26,85
13,130,82
13,93,77
13,62,74
13,196,71
13,135,68
13,83,67
13,160,66
13,119,66
13,198,65
13,157,64
13,28,64
13,134,62
13,72,61
13,91,60
13,257,59
13,56,57
13,133,57
13,123,57
13,51,56
13,16,55
13,39,54
13,165,54
13,34,54
13,22,53
13,197,52
13,71,52
13,159,52
13,54,51
13,213,50
13,35,50
13,219,49
13,177,49
13,171,49
13,205,49
13,218,48
13,121,48
13,191,47
13,210,44
13,21,44
13,29,44
13,155,43
13,207,42
13,173,42
13,227,41
13,235,40
13,258,40
13,182,40
13,124,40
13,241,39
13,174,39
13,149,39
13,252,38
13,55,37
13,242,37
13,167,37
13,78,35
13,53,34
13,98,34
13,203,34
13,208,32
13,85,32
13,169,32
13,81,31
13,131,31
13,67,30
13,102,30
13,18,30
13,215,30
13,77,28
13,63,28
13,136,28
13,222,27
13,108,27
13,250,26
13,15,26
13,32,26
13,192,26
13,185,26
13,139,26
13,254,25
13,3,25
13,19,25
13,20,25
13,126,24
13,47,24
13,38,24
13,259,22
13,178,22
13,31,22
13,175,20
13,180,20
13,60,19
13,9,19
13,101,19
13,212,19
13,150,19
13,248,17
13,73,16
13,117,16
13,86,16
13,201,15
13,122,14
13,64,13
13,46,12
13,128,12
13,11,12
13,94,10
13,57,9
13,153,9
13,147,8
13,27,7
13,120,7
13,214,6
13,240,6
13,206,6
13,154,5
13,118,5
13,253,4
13,183,4
13,8,4
13,221,4
13,23,4
13,109,3
13,156,3
13,96,3
13,115,3
13,30,2
13,59,2
13,6,2
13,187,2
13,245,2
13,184,2
13,44,1
13,5,1
13,251,1
13,111,1
13,58,1
13,176,1
13,204,1
12,237,23235
12,161,19661
12,236,19463
12,162,14374
12,234,12999
12,170,12947
12,142,12738
12,230,12052
12,163,11616
12,239,10523
12,186,9997
12,141,9190
12,164,9071
12,48,8883
12,68,8520
12,43,8104
12,238,7932
12,107,7689
12,140,7552
12,246,7038
12,229,6871
12,138,6815
12,231,6770
12,263,6545
12,100,6512
12,79,5825
12,90,5649
12,249,5520
12,113,5467
12,233,5420
12,143,4703
12,262,4414
12,137,4351
12,50,4323
12,75,4322
12,211,4284
12,114,4084
12,13,4054
12,158,3955
12,144,3929
12,132,3319
12,166,3176
12,148,3004
12,151,2882
12,87,2564
12,74,2481
12,125,2083
12,261,1945
12,41,1916
12,88,1892
12,232,1208
12,42,1180
12,4,1170
12,24,1155
12,45,1023
12,224,991
12,209,977
12,1,957
12,244,925
12,145,727
12,33,716
12,7,709
12,65,612
12,152,569
12,66,560
12,255,542
12,181,538
12,116,506
12,25,477
12,12,459
12,256,452
12,226,450
12,112,394
12,243,372
12,129,338
12,146,333
12,97,330
12,223,313
12,194,261
12,49,250
12,193,249
12,247,248
12,61,221
12,95,219
12,17,206
12,179,206
12,80,202
12,195,197
12,260,194
12,37,187
12,40,186
12,52,172
12,168,167
12,82,153
12,189,153
12,89,145
12,127,142
12,228,141
12,217,128
12,92,127
12,106,124
12,190,123
12,14,119
12,216,115
12,225,113
12,188,111
12,76,106
12,10,104
12,69,101
12,220,101
12,70,91
12,196,86
12,36,85
12,119,81
12,202,77
12,26,77
12,130,75
12,159,70
12,83,69
12,200,65
12,62,63
12,93,62
12,157,61
12,257,61
12,54,57
12,134,54
12,56,54
12,207,54
12,121,53
12,198,52
12,28,51
12,91,51
12,135,51
12,197,48
12,160,47
12,167,47
12,71,47
12,39,46
12,123,46
12,165,45
12,22,45
12,133,44
12,16,44
12,98,44
12,215,43
12,242,42
12,218,42
12,55,42
12,51,41
12,191,41
12,72,40
12,155,39
12,205,39
12,128,39
12,219,38
12,173,38
12,85,37
12,34,37
12,31,37
12,210,37
12,171,35
12,149,34
12,250,33
12,15,33
12,258,33
12,241,32
12,35,32
12,29,32
12,208,32
12,169,31
12,78,31
12,177,31
12,213,30
12,67,30
12,235,30
12,254,30
12,178,30
12,174,29
12,227,29
12,252,29
12,136,29
12,101,28
12,124,28
12,20,27
12,38,27
12,182,26
12,32,26
12,21,26
12,77,25
12,131,25
12,139,25
12,102,25
12,147,24
12,47,23
12,73,23
12,203,23
12,192,23
12,126,22
12,18,22
12,3,22
12,53,21
12,212,21
12,259,20
12,86,20
12,9,20
12,19,19
12,60,19
12,222,18
12,185,18
12,63,18
12,11,18
12,122,17
12,248,17
12,150,17
12,81,16
12,108,15
12,175,14
12,117,14
12,64,14
12,180,13
12,120,12
12,94,11
12,153,10
12,58,9
12,23,9
12,240,9
12,115,6
12,57,6
12,118,6
12,221,6
12,154,6
12,201,6
12,214,5
12,46,5
12,183,5
12,59,5
12,6,4
12,206,3
12,27,2
12,5,2
12,44,2
12,8,2
12,253,2
12,96,2
12,187,2
12,251,2
12,245,2
12,156,2
12,84,1
12,109,1
12,204,1
12,111,1
12,99,1
12,184,1
12,105,1
11,237,21149
11,161,19098
11,236,18866
11,162,13572
11,234,12371
11,170,11937
11,163,11292
11,230,11151
11,142,10888
11,186,10087
11,239,9519
11,164,8422
11,141,8069
11,68,7911
11,43,7782
11,48,7781
11,246,7522
11,140,7447
11,238,7076
11,231,6429
11,107,6307
11,100,6154
11,229,5800
11,263,5740
11,138,5712
11,90,5312
11,113,5154
11,233,5152
11,79,4873
11,249,4596
11,50,4525
11,143,4326
11,75,4279
11,137,4116
11,13,4069
11,211,4000
11,262,3840
11,158,3574
11,144,3381
11,114,3374
11,166,3175
11,87,2669
11,148,2634
11,132,2612
11,74,2453
11,151,2382
11,125,2307
11,261,2097
11,88,1967
11,41,1930
11,42,1028
11,45,1017
11,232,1013
11,24,962
11,244,941
11,4,929
11,209,811
11,145,760
11,1,754
11,224,735
11,7,657
11,33,650
11,65,627
11,12,560
11,66,507
11,116,500
11,255,486
11,181,472
11,152,467
11,226,454
11,25,405
11,256,369
11,112,360
11,129,360
11,243,347
11,146,336
11,194,311
11,97,308
11,223,305
11,49,248
11,193,236
11,61,236
11,260,216
11,179,213
11,80,207
11,95,195
11,168,191
11,37,175
11,82,171
11,40,170
11,195,164
11,247,164
11,17,163
11,89,161
11,92,150
11,228,146
11,188,144
11,189,136
11,127,134
11,225,131
11,190,128
11,52,123
11,70,120
11,216,115
11,14,115
11,69,105
11,76,99
11,36,98
11,217,94
11,130,89
11,220,87
11,26,82
11,106,81
11,10,78
11,93,72
11,196,72
11,83,68
11,200,68
11,159,65
11,119,63
11,198,62
11,56,62
11,62,61
11,39,61
11,157,61
11,257,56
11,31,55
11,197,54
11,135,54
11,160,51
11,215,49
11,71,49
11,202,49
11,205,49
11,91,48
11,123,48
11,35,45
11,242,45
11,169,45
11,165,45
11,173,44
11,213,44
11,191,43
11,34,42
11,16,42
11,258,41
11,177,40
11,22,40
11,121,40
11,171,40
11,235,39
11,72,39
11,207,38
11,98,38
11,134,37
11,51,37
11,174,37
11,126,35
11,67,34
11,131,34
11,219,34
11,133,34
11,241,34
11,155,33
11,250,33
11,210,33
11,252,33
11,54,32
11,28,32
11,218,32
11,63,31
11,53,31
11,77,31
11,208,31
11,227,30
11,55,30
11,18,30
11,136,28
11,182,28
11,47,27
11,185,27
11,85,26
11,192,26
11,254,26
11,78,25
11,3,25
11,203,24
11,15,24
11,21,23
11,259,22
11,102,22
11,29,22
11,20,21
11,38,20
11,86,19
11,147,19
11,180,19
11,212,18
11,73,18
11,149,18
11,64,18
11,248,18
11,19,18
11,139,18
11,167,18
11,101,17
11,128,17
11,117,17
11,122,16
11,178,16
11,81,15
11,175,15
11,9,14
11,222,14
11,94,14
11,60,13
11,120,13
11,183,13
11,57,12
11,150,11
11,124,11
11,32,11
11,11,11
11,201,10
11,108,10
11,153,9
11,58,7
11,96,7
11,46,6
11,172,5
11,6,5
11,23,4
11,156,4
11,115,4
11,154,4
11,240,4
11,206,3
11,111,3
11,199,3
11,253,3
11,8,2
11,27,2
11,118,2
11,5,2
11,214,2
11,109,2
11,251,2
11,187,2
11,221,1
11,245,1
11,84,1
11,176,1
10,161,20442
10,237,18369
10,236,17676
10,162,14019
10,234,13070
10,170,12072
10,163,11350
10,230,11174
10,142,9892
10,186,9622
10,246,9110
10,239,8910
10,164,8699
10,140,7939
10,68,7849
10,43,7752
10,141,7727
10,48,7047
10,231,6767
10,100,6582
10,238,6363
10,107,6159
10,233,5948
10,138,5633
10,229,5497
10,263,5376
10,90,5221
10,113,5052
10,50,4716
10,13,4389
10,75,4319
10,137,4250
10,143,4196
10,249,3979
10,79,3879
10,211,3796
10,262,3389
10,158,3368
10,166,3234
10,114,3176
10,87,2976
10,125,2788
10,144,2724
10,132,2718
10,261,2499
10,88,2496
10,74,2471
10,151,2253
10,148,2015
10,41,1740
10,45,1053
10,244,1051
10,42,990
10,232,967
10,24,899
10,209,869
10,145,847
10,4,758
10,1,738
10,12,650
10,33,644
10,65,635
10,7,610
10,224,602
10,226,589
10,66,575
10,152,506
10,116,454
10,181,409
10,194,408
10,25,407
10,255,375
10,129,373
10,193,340
10,146,332
10,223,327
10,112,310
10,243,305
10,97,302
10,256,294
10,49,230
10,260,229
10,61,218
10,247,206
10,179,202
10,82,202
10,95,197
10,80,190
10,168,184
10,37,162
10,17,161
10,130,149
10,89,149
10,228,148
10,40,141
10,225,132
10,195,127
10,189,123
10,92,114
10,197,107
10,216,104
10,70,104
10,52,102
10,76,101
10,159,100
10,14,99
10,106,98
10,127,98
10,188,91
10,190,90
10,93,88
10,10,84
10,69,83
10,198,83
10,36,80
10,196,80
10,173,79
10,157,79
10,135,71
10,28,69
10,39,69
10,200,67
10,220,65
10,91,63
10,258,63
10,26,62
10,62,61
10,83,59
10,160,57
10,35,53
10,119,52
10,134,52
10,56,52
10,217,51
10,242,51
10,205,51
10,20,50
10,55,50
10,257,48
10,218,48
10,202,47
10,219,47
10,34,47
10,177,46
10,167,45
10,31,45
10,213,44
10,131,43
10,165,41
10,215,40
10,235,40
10,174,39
10,210,39
10,169,39
10,126,39
10,124,38
10,155,38
10,191,38
10,252,38
10,72,37
10,208,37
10,241,36
10,71,35
10,85,34
10,192,34
10,185,34
10,133,34
10,22,34
10,121,33
10,18,33
10,102,33
10,123,33
10,51,32
10,227,32
10,63,31
10,98,30
10,16,30
10,53,30
10,139,30
10,47,30
10,171,29
10,203,29
10,54,28
10,78,28
10,15,27
10,81,27
10,254,26
10,3,26
10,207,25
10,29,25
10,136,24
10,77,23
10,38,22
10,212,22
10,182,21
10,180,21
10,67,21
10,19,20
10,248,20
10,250,20
10,128,18
10,73,18
10,259,17
10,147,17
10,21,17
10,9,16
10,86,16
10,60,16
10,150,15
10,222,15
10,122,15
10,175,15
10,11,15
10,101,15
10,64,14
10,149,14
10,117,13
10,32,13
10,94,12
10,108,12
10,57,11
10,183,10
10,178,9
10,201,9
10,240,8
10,120,8
10,153,7
10,8,6
10,118,5
10,6,5
10,23,5
10,253,5
10,251,4
10,46,4
10,96,4
10,58,4
10,245,4
10,115,4
10,172,3
10,156,3
10,27,3
10,2,2
10,154,2
10,206,2
10,214,1
10,5,1
10,109,1
10,221,1
9,161,22174
9,162,17792
9,237,16187
9,236,16026
9,234,14393
9,170,13065
9,230,12057
9,163,11784
9,246,9758
9,186,9295
9,142,9129
9,164,8569
9,140,8368
9,68,7750
9,231,7712
9,233,7229
9,239,7226
9,100,6970
9,141,6444
9,107,6220
9,48,6132
9,138,6131
9,238,5699
9,229,5548
9,90,5333
9,43,5237
9,13,5220
9,75,4930
9,263,4809
9,113,4750
9,50,4673
9,137,4499
9,166,4065
9,132,3939
9,87,3777
9,143,3624
9,249,3408
9,79,3280
9,88,3244
9,125,3124
9,114,2970
9,262,2859
9,211,2822
9,158,2712
9,74,2694
9,144,2467
9,261,2066
9,151,1785
9,41,1704
9,148,1530
9,45,1334
9,244,1298
9,209,1042
9,42,972
9,232,859
9,24,781
9,1,765
9,65,757
9,145,702
9,4,688
9,33,672
9,7,599
9,12,555
9,66,543
9,226,540
9,152,522
9,224,503
9,116,455
9,25,409
9,181,383
9,146,359
9,129,356
9,193,324
9,223,324
9,255,310
9,194,302
9,97,291
9,112,274
9,256,263
9,243,257
9,247,231
9,260,225
9,49,204
9,95,201
9,179,197
9,17,191
9,82,175
9,168,171
9,61,171
9,228,150
9,80,148
9,69,146
9,92,127
9,130,123
9,40,120
9,89,116
9,195,115
9,37,115
9,225,113
9,159,110
9,188,107
9,189,104
9,93,104
9,52,104
9,216,97
9,70,96
9,127,95
9,14,90
9,200,89
9,36,86
9,76,85
9,83,84
9,134,80
9,196,75
9,242,74
9,62,70
9,20,70
9,135,69
9,197,67
9,157,67
9,202,67
9,10,66
9,220,65
9,119,64
9,34,62
9,39,60
9,174,59
9,257,56
9,106,56
9,185,54
9,26,53
9,198,53
9,56,53
9,91,52
9,72,51
9,169,49
9,71,48
9,160,48
9,136,48
9,219,47
9,173,47
9,177,46
9,167,45
9,28,45
9,121,44
9,205,43
9,208,42
9,98,41
9,191,41
9,47,41
9,165,41
9,55,40
9,123,40
9,241,39
9,190,37
9,254,37
9,215,36
9,54,36
9,131,36
9,235,36
9,18,36
9,126,35
9,51,35
9,35,35
9,155,34
9,139,34
9,210,34
9,227,34
9,217,33
9,250,33
9,218,33
9,78,33
9,258,33
9,203,33
9,22,33
9,147,32
9,213,32
9,192,32
9,63,31
9,252,31
9,171,30
9,16,28
9,67,27
9,133,27
9,124,26
9,85,26
9,53,26
9,128,26
9,31,25
9,77,25
9,29,24
9,212,23
9,248,23
9,207,22
9,94,22
9,259,21
9,32,21
9,19,21
9,122,20
9,178,20
9,64,18
9,73,18
9,175,17
9,11,17
9,86,17
9,149,16
9,102,16
9,101,16
9,182,16
9,21,16
9,3,16
9,81,16
9,60,15
9,23,15
9,9,13
9,183,12
9,222,11
9,38,11
9,57,10
9,150,10
9,15,9
9,240,9
9,117,8
9,153,7
9,180,7
9,108,6
9,201,6
9,120,5
9,115,5
9,206,4
9,96,4
9,118,4
9,154,3
9,58,3
9,245,3
9,46,3
9,214,2
9,27,2
9,109,2
9,253,2
9,8,2
9,221,2
9,6,2
9,251,1
9,111,1
9,30,1
9,204,1
9,5,1
9,84,1
9,59,1
9,172,1
8,161,24797
8,162,19995
8,236,17485
8,237,14805
8,230,12453
8,170,12319
8,163,11612
8,234,11314
8,140,8762
8,142,8113
8,246,7944
8,186,7623
8,238,7468
8,164,6976
8,231,6972
8,239,6845
8,138,6569
8,233,6443
8,141,6438
8,68,6419
8,107,6398
8,100,6350
8,75,5710
8,137,5563
8,48,5363
8,13,5275
8,229,4842
8,166,4823
8,263,4624
8,43,4209
8,143,4102
8,90,4092
8,113,3749
8,50,3650
8,249,3379
8,87,3234
8,262,3159
8,74,3112
8,132,2980
8,88,2873
8,79,2796
8,158,2750
8,114,2352
8,125,2204
8,151,1816
8,41,1738
8,211,1736
8,144,1736
8,261,1636
8,244,1257
8,232,1118
8,42,1098
8,209,1096
8,45,1044
8,148,1035
8,24,1021
8,33,978
8,1,792
8,4,727
8,145,685
8,65,679
8,152,631
8,226,588
8,7,582
8,116,533
8,12,514
8,181,422
8,25,406
8,193,398
8,146,379
8,224,379
8,223,332
8,129,328
8,97,297
8,66,280
8,260,276
8,112,257
8,243,245
8,255,244
8,179,232
8,49,218
8,61,213
8,168,205
8,256,188
8,194,162
8,95,159
8,40,157
8,82,151
8,37,147
8,80,138
8,247,137
8,69,137
8,17,135
8,127,124
8,159,123
8,225,118
8,200,116
8,228,114
8,52,111
8,89,111
8,92,107
8,189,104
8,130,100
8,188,100
8,83,99
8,106,95
8,195,89
8,14,87
8,70,84
8,36,79
8,62,76
8,196,70
8,216,69
8,26,65
8,10,63
8,71,62
8,34,61
8,135,60
8,174,60
8,220,59
8,76,58
8,28,57
8,197,56
8,56,55
8,198,55
8,217,54
8,93,53
8,202,52
8,134,52
8,254,51
8,173,49
8,39,49
8,235,48
8,165,48
8,119,48
8,126,48
8,167,47
8,171,46
8,169,44
8,192,44
8,185,44
8,160,43
8,227,42
8,177,42
8,257,41
8,241,40
8,72,40
8,157,38
8,208,37
8,20,37
8,123,37
8,121,36
8,47,35
8,242,35
8,128,35
8,136,34
8,91,34
8,215,33
8,149,33
8,258,33
8,67,32
8,133,32
8,85,32
8,102,32
8,205,31
8,18,31
8,131,31
8,218,31
8,98,30
8,22,30
8,54,30
8,213,29
8,250,28
8,219,28
8,32,28
8,190,27
8,55,27
8,175,26
8,78,26
8,155,26
8,191,26
8,16,26
8,259,25
8,182,23
8,210,23
8,21,23
8,212,22
8,203,22
8,29,22
8,63,21
8,248,21
8,53,21
8,38,21
8,147,20
8,252,20
8,51,20
8,35,20
8,19,19
8,124,19
8,150,17
8,81,17
8,178,17
8,139,17
8,117,17
8,73,14
8,207,13
8,60,13
8,64,12
8,101,12
8,77,12
8,15,12
8,180,12
8,9,11
8,86,11
8,108,11
8,31,10
8,3,9
8,57,9
8,222,9
8,153,8
8,240,8
8,94,8
8,154,8
8,201,7
8,120,6
8,11,6
8,122,6
8,115,4
8,96,4
8,206,4
8,183,3
8,221,3
8,58,3
8,8,3
8,111,3
8,23,3
8,204,2
8,118,2
8,172,2
8,214,2
8,184,2
8,253,2
8,176,2
8,105,1
8,245,1
8,187,1
8,46,1
8,30,1
8,6,1
8,59,1
8,156,1
7,161,26619
7,162,15988
7,230,14441
7,236,12163
7,237,10388
7,163,9285
7,170,9154
7,140,7598
7,234,7573
7,186,7483
7,138,6393
7,137,5704
7,231,5698
7,246,5402
7,75,5384
7,238,5333
7,164,5254
7,142,5181
7,107,4892
7,48,4807
7,141,4746
7,100,4602
7,68,4411
7,13,3953
7,239,3854
7,233,3641
7,43,3624
7,74,3287
7,132,3249
7,143,3173
7,166,3149
7,229,2948
7,50,2731
7,90,2656
7,263,2637
7,113,2484
7,262,2468
7,87,2292
7,79,2019
7,249,1773
7,88,1537
7,41,1346
7,114,1257
7,158,1211
7,244,1202
7,151,1087
7,125,1069
7,261,998
7,42,987
7,1,886
7,211,886
7,144,871
7,148,791
7,232,777
7,24,711
7,145,680
7,152,646
7,4,554
7,209,552
7,226,548
7,7,545
7,33,528
7,45,456
7,116,446
7,65,435
7,224,384
7,181,358
7,193,354
7,223,338
7,168,333
7,146,304
7,129,270
7,25,263
7,97,235
7,260,220
7,243,209
7,66,189
7,112,185
7,179,176
7,12,170
7,256,152
7,82,150
7,247,150
7,255,147
7,61,142
7,49,140
7,80,127
7,69,125
7,127,122
7,159,121
7,17,118
7,95,116
7,89,108
7,195,98
7,228,97
7,14,94
7,37,90
7,52,90
7,189,89
7,225,83
7,40,80
7,216,80
7,194,79
7,188,75
7,83,73
7,26,72
7,92,63
7,70,62
7,197,58
7,76,54
7,10,54
7,36,54
7,28,53
7,128,51
7,56,51
7,62,50
7,198,50
7,119,49
7,106,48
7,130,46
7,235,46
7,135,46
7,174,45
7,167,45
7,196,45
7,34,44
7,200,43
7,173,42
7,157,42
7,202,40
7,217,40
7,136,40
7,219,37
7,241,36
7,220,36
7,93,35
7,126,34
7,133,34
7,160,33
7,257,33
7,85,32
7,39,32
7,165,32
7,134,31
7,248,31
7,121,30
7,47,29
7,54,29
7,169,29
7,71,29
7,207,28
7,205,28
7,258,28
7,191,27
7,213,27
7,131,27
7,78,26
7,72,26
7,139,26
7,242,26
7,254,25
7,16,24
7,190,24
7,91,24
7,218,23
7,123,23
7,250,23
7,215,23
7,67,23
7,171,23
7,86,22
7,20,21
7,252,21
7,212,21
7,29,21
7,155,20
7,177,20
7,149,20
7,203,20
7,227,20
7,21,19
7,53,19
7,208,19
7,81,19
7,124,18
7,35,18
7,185,17
7,147,17
7,77,17
7,192,16
7,73,16
7,15,15
7,22,15
7,38,15
7,210,15
7,182,14
7,19,14
7,180,14
7,178,14
7,153,13
7,259,13
7,32,12
7,98,12
7,120,12
7,9,12
7,11,12
7,117,12
7,102,11
7,63,11
7,108,10
7,60,10
7,175,10
7,18,10
7,222,9
7,55,8
7,57,8
7,3,8
7,150,8
7,64,8
7,240,7
7,51,6
7,122,5
7,201,5
7,101,5
7,183,4
7,31,3
7,94,3
7,96,2
7,206,2
7,58,2
7,245,2
7,251,1
7,59,1
7,253,1
7,221,1
7,115,1
7,214,1
7,184,1
7,118,1
7,8,1
7,154,1
7,204,1
7,6,1
6,161,14713
6,230,10250
6,162,8223
6,138,6377
6,186,5685
6,140,5342
6,163,5100
6,170,4816
6,234,4330
6,237,4136
6,137,4104
6,236,3866
6,132,3659
6,68,3591
6,48,3581
6,246,3552
6,231,3236
6,164,3027
6,75,3015
6,142,2961
6,141,2919
6,107,2858
6,100,2431
6,50,2186
6,233,1842
6,143,1835
6,239,1585
6,238,1578
6,229,1489
6,90,1488
6,74,1475
6,13,1453
6,263,1417
6,43,1342
6,166,1151
6,79,1078
6,113,1076
6,87,1001
6,244,957
6,1,926
6,262,836
6,249,780
6,114,695
6,41,604
6,158,589
6,88,584
6,211,534
6,261,512
6,151,507
6,226,476
6,144,473
6,145,463
6,148,460
6,7,440
6,125,404
6,42,396
6,232,358
6,33,344
6,181,343
6,4,324
6,152,290
6,224,285
6,146,279
6,45,260
6,209,253
6,116,249
6,61,239
6,223,237
6,24,233
6,129,233
6,260,217
6,189,206
6,168,202
6,65,184
6,179,179
6,193,176
6,82,164
6,97,163
6,112,154
6,37,149
6,255,147
6,49,141
6,25,129
6,17,129
6,225,128
6,95,124
6,256,122
6,80,113
6,243,112
6,89,104
6,66,94
6,228,91
6,83,90
6,216,80
6,188,79
6,247,77
6,69,74
6,14,73
6,36,68
6,52,68
6,159,68
6,198,66
6,62,66
6,40,65
6,26,61
6,127,58
6,34,58
6,92,55
6,10,55
6,157,54
6,76,52
6,56,50
6,196,50
6,173,49
6,197,48
6,135,48
6,106,46
6,195,45
6,136,44
6,130,43
6,126,42
6,28,40
6,12,39
6,70,38
6,169,37
6,165,37
6,215,36
6,194,36
6,177,34
6,217,34
6,220,32
6,93,32
6,131,31
6,91,31
6,213,31
6,202,30
6,86,29
6,219,29
6,134,28
6,258,28
6,121,27
6,149,26
6,81,26
6,227,26
6,200,26
6,119,25
6,155,25
6,39,25
6,167,25
6,210,24
6,250,23
6,174,23
6,47,22
6,205,22
6,241,21
6,22,20
6,123,20
6,182,19
6,128,19
6,133,19
6,21,18
6,208,18
6,35,18
6,101,18
6,248,18
6,190,17
6,72,17
6,18,17
6,192,17
6,257,17
6,252,16
6,85,16
6,178,16
6,183,16
6,38,16
6,207,16
6,191,15
6,160,15
6,102,15
6,203,15
6,51,15
6,20,14
6,175,14
6,235,14
6,218,14
6,16,14
6,124,13
6,98,13
6,67,13
6,53,13
6,71,12
6,78,12
6,254,12
6,171,12
6,63,12
6,54,12
6,242,12
6,153,11
6,212,11
6,122,11
6,32,11
6,139,11
6,201,10
6,77,10
6,147,10
6,15,10
6,60,10
6,120,10
6,150,9
6,108,9
6,222,9
6,3,9
6,55,9
6,19,9
6,185,9
6,94,8
6,64,8
6,9,8
6,180,8
6,259,7
6,73,7
6,240,7
6,29,7
6,117,5
6,11,4
6,221,3
6,253,3
6,23,3
6,214,3
6,57,3
6,6,3
6,58,2
6,187,2
6,154,2
6,184,2
6,31,2
6,8,1
6,118,1
6,96,1
6,245,1
6,111,1
6,109,1
5,138,4956
5,161,4180
5,230,2994
5,132,2950
5,186,2895
5,162,2240
5,170,1653
5,48,1578
5,163,1554
5,236,1496
5,68,1488
5,234,1450
5,140,1364
5,142,1323
5,237,1315
5,246,1270
5,137,1265
5,141,1232
5,164,1095
5,107,1014
5,90,972
5,75,925
5,100,906
5,263,890
5,238,882
5,231,881
5,74,812
5,79,808
5,229,707
5,239,681
5,50,669
5,233,655
5,1,635
5,7,630
5,249,546
5,113,525
5,226,516
5,244,456
5,41,455
5,43,450
5,143,448
5,166,443
5,114,433
5,262,422
5,87,417
5,145,400
5,42,391
5,116,386
5,148,345
5,13,339
5,151,332
5,37,287
5,158,287
5,223,286
5,4,282
5,129,281
5,144,279
5,181,268
5,260,265
5,261,250
5,88,246
5,61,239
5,232,232
5,179,227
5,211,218
5,112,217
5,82,208
5,80,208
5,146,206
5,152,204
5,17,194
5,256,189
5,36,169
5,125,168
5,225,167
5,168,163
5,224,162
5,24,162
5,255,161
5,193,144
5,243,144
5,45,141
5,49,137
5,65,130
5,89,122
5,198,118
5,209,116
5,83,113
5,97,102
5,33,98
5,95,93
5,228,92
5,25,86
5,188,85
5,69,76
5,173,74
5,127,73
5,66,68
5,169,67
5,189,63
5,157,60
5,56,60
5,14,59
5,70,56
5,126,48
5,227,48
5,247,47
5,92,47
5,177,47
5,159,46
5,40,45
5,134,44
5,76,41
5,216,41
5,62,41
5,202,41
5,133,39
5,196,39
5,167,39
5,119,38
5,257,37
5,106,37
5,12,36
5,212,35
5,241,33
5,28,32
5,217,32
5,123,32
5,130,32
5,195,31
5,18,31
5,160,30
5,171,30
5,26,29
5,248,28
5,254,28
5,213,28
5,165,28
5,235,27
5,22,27
5,197,27
5,54,27
5,135,27
5,10,26
5,258,25
5,178,24
5,91,24
5,102,23
5,174,22
5,85,22
5,21,21
5,250,21
5,52,20
5,78,20
5,220,20
5,67,20
5,136,19
5,208,18
5,34,18
5,207,18
5,71,18
5,121,18
5,53,18
5,131,18
5,94,18
5,72,17
5,191,17
5,47,17
5,35,17
5,210,16
5,32,16
5,185,16
5,20,16
5,93,16
5,219,16
5,60,16
5,39,15
5,149,14
5,55,14
5,259,13
5,205,13
5,242,13
5,155,13
5,200,12
5,147,12
5,192,11
5,182,11
5,218,10
5,9,10
5,51,10
5,16,9
5,3,9
5,240,9
5,180,9
5,124,8
5,183,8
5,194,8
5,221,8
5,29,8
5,190,8
5,63,8
5,215,8
5,77,8
5,120,7
5,73,7
5,15,7
5,252,7
5,86,7
5,117,6
5,108,6
5,64,6
5,11,6
5,38,6
5,6,5
5,175,5
5,19,5
5,57,5
5,203,4
5,150,4
5,128,4
5,118,4
5,222,4
5,98,4
5,111,3
5,214,3
5,184,3
5,81,3
5,122,3
5,31,3
5,8,3
5,153,3
5,115,2
5,23,2
5,187,2
5,201,2
5,109,2
5,206,2
5,59,2
5,96,1
5,139,1
5,251,1
5,99,1
5,156,1
5,154,1
5,58,1
5,176,1
5,204,1
5,101,1
5,27,1
5,5,1
4,138,2642
4,48,2185
4,79,1828
4,186,1578
4,68,1550
4,230,1478
4,170,1406
4,7,1332
4,161,1331
4,90,1205
4,164,1203
4,107,1148
4,75,1077
4,132,1057
4,137,991
4,249,967
4,148,959
4,234,959
4,74,930
4,226,923
4,141,900
4,162,881
4,50,868
4,263,865
4,246,835
4,231,833
4,87,819
4,142,789
4,163,767
4,42,744
4,233,740
4,100,702
4,229,685
4,244,676
4,236,664
4,116,664
4,238,647
4,41,646
4,144,611
4,37,602
4,140,596
4,239,596
4,223,568
4,113,546
4,129,532
4,4,529
4,256,514
4,145,507
4,80,492
4,151,491
4,237,490
4,232,488
4,114,487
4,260,462
4,262,443
4,17,438
4,166,438
4,1,426
4,255,421
4,61,409
4,143,406
4,225,403
4,179,399
4,158,377
4,224,370
4,211,367
4,13,360
4,82,356
4,112,356
4,36,355
4,152,338
4,243,325
4,45,322
4,261,320
4,181,300
4,88,277
4,49,268
4,146,261
4,43,251
4,89,242
4,125,231
4,24,229
4,209,224
4,188,215
4,198,205
4,168,198
4,173,190
4,228,188
4,97,185
4,25,183
4,65,169
4,127,158
4,83,158
4,95,150
4,33,148
4,14,144
4,193,135
4,157,126
4,56,122
4,189,112
4,247,110
4,69,108
4,177,104
4,106,94
4,62,88
4,159,82
4,66,80
4,202,78
4,40,77
4,133,73
4,257,71
4,70,71
4,18,67
4,119,63
4,169,63
4,227,61
4,217,59
4,235,56
4,196,54
4,67,52
4,92,52
4,212,51
4,22,50
4,248,49
4,195,48
4,197,48
4,76,46
4,26,45
4,102,44
4,94,44
4,258,44
4,220,44
4,216,43
4,28,42
4,160,42
4,134,41
4,71,41
4,136,41
4,85,40
4,126,39
4,52,38
4,20,37
4,213,37
4,167,36
4,72,35
4,165,35
4,241,35
4,200,34
4,259,34
4,12,34
4,35,33
4,21,32
4,91,31
4,182,28
4,78,27
4,174,27
4,147,27
4,63,27
4,185,26
4,208,26
4,55,25
4,47,24
4,252,24
4,39,24
4,250,24
4,242,24
4,171,24
4,60,23
4,130,23
4,54,22
4,32,22
4,210,21
4,155,21
4,135,20
4,123,19
4,131,18
4,121,18
4,120,18
4,190,18
4,10,17
4,149,16
4,77,16
4,180,15
4,51,15
4,178,15
4,108,14
4,254,14
4,57,14
4,124,14
4,218,13
4,240,13
4,153,13
4,53,12
4,16,12
4,191,11
4,34,11
4,15,10
4,3,10
4,19,10
4,93,10
4,29,10
4,64,9
4,219,9
4,183,9
4,150,9
4,215,9
4,11,8
4,9,8
4,222,8
4,205,8
4,81,7
4,201,7
4,206,6
4,139,6
4,207,6
4,101,6
4,84,5
4,214,5
4,172,5
4,23,5
4,115,5
4,73,5
4,194,4
4,109,4
4,38,4
4,221,4
4,8,4
4,187,3
4,98,3
4,58,3
4,192,3
4,117,3
4,6,3
4,31,3
4,111,3
4,204,2
4,128,2
4,122,2
4,253,2
4,203,2
4,118,2
4,86,2
4,156,2
4,5,2
4,175,2
4,44,2
4,46,1
4,251,1
4,245,1
4,96,1
3,79,3333
3,48,3103
3,68,2323
3,170,2121
3,107,1899
3,230,1780
3,90,1728
3,249,1687
3,148,1684
3,164,1526
3,137,1522
3,186,1370
3,7,1310
3,234,1296
3,263,1282
3,141,1264
3,231,1210
3,87,1179
3,246,1166
3,233,1143
3,50,1106
3,75,1058
3,229,1045
3,74,1015
3,114,968
3,162,938
3,142,917
3,113,895
3,144,890
3,163,885
3,140,868
3,161,867
3,41,861
3,239,822
3,236,814
3,238,810
3,4,806
3,42,794
3,116,794
3,244,759
3,100,752
3,37,694
3,226,690
3,232,671
3,158,661
3,256,648
3,255,632
3,151,612
3,211,594
3,262,593
3,223,574
3,143,572
3,129,570
3,224,563
3,166,554
3,80,552
3,237,537
3,61,516
3,261,499
3,17,489
3,145,483
3,13,468
3,125,461
3,112,445
3,181,426
3,36,396
3,179,375
3,225,375
3,138,375
3,260,371
3,152,358
3,49,355
3,82,338
3,243,337
3,45,335
3,88,328
3,209,326
3,146,276
3,25,274
3,24,274
3,43,252
3,65,250
3,89,240
3,132,237
3,33,234
3,97,231
3,198,214
3,188,197
3,168,194
3,228,185
3,95,183
3,14,181
3,173,177
3,189,164
3,127,148
3,193,122
3,83,118
3,69,117
3,1,115
3,66,114
3,40,111
3,157,110
3,159,103
3,62,98
3,257,94
3,56,93
3,133,85
3,247,80
3,202,78
3,177,78
3,227,78
3,106,74
3,160,73
3,220,68
3,119,67
3,70,67
3,196,66
3,22,62
3,169,59
3,76,59
3,217,57
3,197,56
3,235,55
3,167,54
3,85,53
3,248,51
3,241,51
3,195,50
3,52,50
3,212,50
3,67,50
3,258,48
3,28,48
3,18,47
3,126,46
3,78,44
3,216,41
3,190,40
3,92,40
3,134,39
3,26,38
3,12,38
3,130,38
3,200,37
3,165,37
3,136,36
3,71,36
3,147,35
3,21,33
3,72,32
3,20,31
3,149,31
3,213,31
3,208,30
3,123,30
3,185,30
3,10,29
3,54,28
3,16,28
3,91,27
3,259,27
3,47,27
3,94,27
3,250,27
3,35,26
3,182,25
3,63,24
3,60,24
3,155,23
3,102,23
3,174,22
3,254,21
3,39,21
3,32,21
3,135,20
3,120,20
3,242,20
3,77,19
3,121,19
3,108,17
3,218,17
3,210,17
3,219,17
3,131,16
3,252,16
3,171,16
3,180,15
3,11,15
3,29,15
3,203,14
3,98,14
3,178,14
3,57,13
3,81,13
3,53,13
3,51,13
3,183,12
3,191,11
3,3,11
3,139,11
3,153,11
3,73,11
3,118,11
3,215,10
3,93,10
3,86,10
3,124,10
3,175,10
3,240,10
3,201,9
3,55,8
3,205,8
3,117,7
3,19,7
3,6,7
3,9,7
3,214,7
3,15,6
3,115,6
3,192,6
3,150,6
3,64,6
3,122,5
3,34,5
3,101,5
3,176,5
3,23,5
3,172,4
3,44,4
3,58,4
3,109,4
3,221,3
3,222,3
3,46,3
3,96,3
3,31,3
3,38,3
3,84,3
3,245,2
3,187,2
3,5,2
3,206,2
3,156,2
3,251,2
3,207,2
3,128,2
3,8,2
3,59,2
3,184,2
3,194,1
3,204,1
3,27,1
3,154,1
2,79,5305
2,48,4231
2,68,3485
2,170,3051
2,107,2842
2,148,2788
2,249,2755
2,230,2624
2,137,2391
2,90,2366
2,186,2357
2,164,2213
2,263,2121
2,141,2096
2,234,1931
2,231,1889
2,7,1839
2,246,1788
2,87,1743
2,233,1705
2,229,1681
2,114,1566
2,144,1530
2,50,1495
2,142,1482
2,163,1480
2,162,1429
2,238,1423
2,239,1396
2,75,1374
2,236,1325
2,113,1312
2,74,1307
2,158,1281
2,140,1191
2,42,1173
2,161,1171
2,41,1138
2,100,1112
2,116,1085
2,4,1085
2,244,1036
2,262,1026
2,256,964
2,237,930
2,232,928
2,143,927
2,226,914
2,255,900
2,151,830
2,211,825
2,224,796
2,129,788
2,145,748
2,166,744
2,125,738
2,80,734
2,223,729
2,261,726
2,112,725
2,37,723
2,181,718
2,61,716
2,13,655
2,17,606
2,260,510
2,152,504
2,49,477
2,82,474
2,36,473
2,243,461
2,45,460
2,88,456
2,225,448
2,24,447
2,179,445
2,209,437
2,43,428
2,25,420
2,97,415
2,33,400
2,65,389
2,146,336
2,89,329
2,189,296
2,188,289
2,168,288
2,228,273
2,95,258
2,198,249
2,127,232
2,40,227
2,14,213
2,173,182
2,66,164
2,83,159
2,193,154
2,69,143
2,157,136
2,62,136
2,132,135
2,227,133
2,106,133
2,257,131
2,159,118
2,247,114
2,52,112
2,133,111
2,202,109
2,56,108
2,195,100
2,177,96
2,70,92
2,196,89
2,138,89
2,169,88
2,92,79
2,160,78
2,119,75
2,216,71
2,76,71
2,220,69
2,212,68
2,18,68
2,85,65
2,67,63
2,54,60
2,248,58
2,71,58
2,258,57
2,217,57
2,28,56
2,22,54
2,165,53
2,136,53
2,200,53
2,197,52
2,235,51
2,190,50
2,147,50
2,102,49
2,130,49
2,167,49
2,241,49
2,91,47
2,35,46
2,12,46
2,250,44
2,134,44
2,126,43
2,94,41
2,78,41
2,10,41
2,72,41
2,219,39
2,47,38
2,39,38
2,20,38
2,174,36
2,182,36
2,26,35
2,208,34
2,135,34
2,259,33
2,21,33
2,123,33
2,29,33
2,149,31
2,1,31
2,171,29
2,16,29
2,252,28
2,131,27
2,185,27
2,210,27
2,121,27
2,213,26
2,63,26
2,64,24
2,11,24
2,205,24
2,242,23
2,254,23
2,215,22
2,60,21
2,218,21
2,57,20
2,9,19
2,155,19
2,53,19
2,77,18
2,183,17
2,191,17
2,93,17
2,108,17
2,192,16
2,124,16
2,178,15
2,98,14
2,120,14
2,150,13
2,180,13
2,34,12
2,32,12
2,201,12
2,139,12
2,15,11
2,115,11
2,73,10
2,203,10
2,153,10
2,118,10
2,81,10
2,55,9
2,3,8
2,101,8
2,240,8
2,117,8
2,51,8
2,38,8
2,221,7
2,111,7
2,8,7
2,128,7
2,175,7
2,6,7
2,86,6
2,206,6
2,122,6
2,222,6
2,19,5
2,214,5
2,23,5
2,31,4
2,251,4
2,245,4
2,59,4
2,109,4
2,204,4
2,194,3
2,5,3
2,46,3
2,58,3
2,187,2
2,184,2
2,44,2
2,253,2
2,96,1
2,84,1
2,176,1
2,172,1
2,30,1
1,79,7108
1,48,6148
1,170,4831
1,68,4686
1,148,3998
1,107,3955
1,249,3796
1,230,3639
1,186,3467
1,90,3277
1,263,3197
1,141,3174
1,164,3128
1,137,2872
1,234,2822
1,231,2600
1,229,2561
1,7,2551
1,162,2516
1,239,2405
1,233,2402
1,246,2377
1,238,2371
1,87,2334
1,114,2320
1,142,2314
1,163,2230
1,144,2184
1,161,2137
1,50,2095
1,236,2068
1,75,2050
1,158,2040
1,113,1861
1,140,1845
1,74,1789
1,42,1771
1,100,1755
1,41,1716
1,262,1609
1,237,1597
1,116,1518
1,4,1502
1,143,1461
1,244,1454
1,151,1297
1,232,1273
1,181,1272
1,256,1254
1,211,1211
1,226,1210
1,255,1193
1,166,1126
1,112,1125
1,145,1083
1,223,1073
1,224,1067
1,13,1052
1,61,1029
1,129,1022
1,80,1022
1,125,1001
1,261,880
1,37,876
1,17,875
1,243,845
1,49,795
1,33,774
1,179,743
1,43,726
1,24,721
1,225,647
1,152,640
1,97,636
1,25,632
1,209,629
1,260,614
1,88,604
1,45,579
1,82,577
1,36,523
1,65,521
1,89,495
1,189,458
1,146,451
1,188,446
1,95,432
1,14,402
1,127,384
1,40,359
1,168,353
1,198,328
1,228,327
1,66,281
1,173,247
1,52,242
1,62,236
1,257,222
1,106,222
1,193,198
1,83,191
1,69,182
1,132,174
1,159,171
1,202,170
1,247,152
1,56,148
1,133,145
1,227,140
1,157,140
1,92,137
1,196,131
1,10,131
1,216,118
1,177,116
1,220,114
1,160,109
1,70,105
1,195,104
1,85,104
1,134,104
1,76,100
1,119,99
1,197,96
1,169,94
1,22,91
1,217,91
1,67,90
1,54,90
1,28,90
1,212,90
1,71,88
1,39,87
1,190,85
1,18,84
1,248,84
1,91,81
1,258,79
1,167,79
1,138,78
1,165,77
1,200,75
1,130,75
1,235,72
1,123,71
1,126,66
1,219,65
1,210,65
1,136,64
1,174,63
1,241,63
1,21,62
1,182,62
1,147,60
1,121,59
1,149,58
1,35,58
1,135,58
1,259,57
1,12,56
1,26,55
1,208,54
1,218,54
1,250,54
1,213,53
1,102,52
1,63,51
1,16,51
1,72,51
1,185,50
1,205,48
1,171,48
1,94,44
1,64,36
1,78,36
1,20,35
1,215,35
1,191,34
1,60,33
1,32,31
1,124,31
1,131,31
1,11,31
1,55,31
1,155,31
1,252,31
1,242,31
1,178,31
1,29,31
1,203,30
1,51,30
1,192,28
1,9,27
1,47,27
1,77,26
1,57,26
1,120,26
1,15,26
1,180,25
1,254,25
1,108,25
1,53,25
1,86,23
1,81,22
1,175,22
1,122,21
1,183,20
1,19,19
1,153,19
1,93,18
1,1,18
1,150,18
1,3,17
1,98,17
1,73,16
1,139,16
1,38,16
1,34,16
1,128,15
1,58,14
1,23,11
1,194,11
1,117,10
1,222,10
1,156,9
1,240,9
1,201,9
1,206,9
1,96,8
1,8,8
1,6,8
1,245,7
1,101,7
1,204,6
1,118,6
1,221,6
1,187,6
1,176,6
1,109,6
1,46,5
1,251,5
1,214,5
1,115,5
1,111,5
1,84,4
1,31,4
1,172,4
1,184,4
1,154,3
1,27,3
1,59,2
1,44,2
1,5,2
1,253,2
1,30,1
0,79,9616
0,48,8935
0,68,6867
0,170,6662
0,186,5938
0,107,5935
0,230,5917
0,148,5562
0,249,5443
0,263,5180
0,141,5088
0,164,4989
0,90,4553
0,239,4441
0,229,4351
0,234,4333
0,238,4327
0,162,4300
0,142,4240
0,163,4224
0,236,4073
0,231,3969
0,161,3876
0,137,3829
0,233,3672
0,246,3518
0,100,3311
0,50,3278
0,237,3222
0,158,3215
0,114,3211
0,87,3176
0,140,3118
0,7,3111
0,144,2974
0,75,2930
0,262,2901
0,41,2863
0,113,2833
0,143,2733
0,42,2599
0,74,2504
0,244,2265
0,181,2244
0,151,2237
0,116,2066
0,4,2011
0,211,1876
0,255,1826
0,232,1812
0,13,1791
0,256,1747
0,166,1697
0,145,1668
0,112,1657
0,224,1587
0,226,1440
0,43,1424
0,261,1415
0,61,1380
0,243,1379
0,33,1348
0,49,1337
0,125,1314
0,223,1241
0,80,1236
0,129,1179
0,25,1172
0,17,1167
0,24,1094
0,97,1075
0,37,991
0,88,972
0,179,901
0,65,890
0,209,866
0,152,847
0,189,837
0,225,805
0,45,802
0,40,717
0,146,700
0,89,663
0,95,660
0,36,632
0,188,629
0,260,619
0,127,577
0,82,567
0,66,561
0,14,510
0,168,449
0,132,437
0,228,436
0,52,428
0,198,384
0,62,365
0,257,342
0,106,337
0,193,298
0,69,291
0,202,258
0,83,243
0,216,229
0,196,224
0,10,223
0,133,216
0,173,188
0,159,188
0,92,181
0,157,180
0,227,179
0,220,176
0,195,175
0,169,174
0,247,162
0,28,161
0,54,155
0,70,153
0,160,152
0,134,145
0,200,144
0,138,143
0,177,141
0,130,139
0,76,136
0,56,132
0,39,132
0,18,129
0,235,128
0,190,127
0,71,124
0,85,121
0,119,120
0,197,119
0,241,118
0,219,116
0,212,114
0,217,112
0,91,106
0,258,101
0,165,101
0,126,100
0,167,99
0,22,99
0,185,93
0,72,92
0,135,87
0,218,87
0,35,86
0,191,85
0,67,85
0,213,85
0,205,85
0,131,84
0,123,79
0,121,78
0,248,77
0,174,77
0,208,76
0,26,75
0,21,75
0,94,73
0,147,72
0,12,72
0,136,71
0,182,71
0,215,71
0,102,70
0,259,67
0,171,63
0,63,63
0,250,63
0,210,62
0,149,59
0,16,59
0,254,57
0,242,54
0,203,52
0,53,51
0,15,50
0,252,49
0,51,49
0,32,48
0,155,48
0,20,47
0,1,46
0,29,46
0,78,45
0,57,44
0,124,44
0,47,42
0,55,42
0,19,41
0,98,40
0,139,40
0,3,40
0,64,39
0,108,38
0,180,36
0,60,35
0,192,35
0,178,34
0,11,34
0,120,33
0,175,33
0,81,33
0,73,32
0,77,30
0,34,29
0,150,28
0,183,28
0,201,27
0,38,27
0,128,26
0,86,26
0,9,25
0,101,24
0,222,23
0,153,23
0,122,22
0,93,20
0,240,19
0,206,18
0,117,17
0,221,13
0,118,12
0,58,11
0,156,11
0,8,11
0,31,10
0,96,9
0,6,9
0,111,9
0,23,9
0,109,8
0,245,8
0,194,6
0,172,6
0,115,5
0,204,5
0,27,5
0,59,5
0,251,5
0,46,5
0,214,4
0,207,4
0,84,3
0,5,3
0,187,3
0,176,3
0,30,3
0,184,2
0,154,2
0,44,2
0,105,1
